avg_departure_delay_s,sum_departure_delay_s,avg_arrival_delay_s,sum_arrival_delay_s,arrival_count,departure_count,avg_time_saving_s,sum_time_saving_s,station
150.7289710910786447,4848951,179.9668222998670418,5820307,32341,32170,11.4099806409980641,265225,6
814,814,814,814,1,1,0,0,7
150.3765562642835215,8817179,124.5145385587863464,7288334,58534,58634,-26.4388252811007855,-1544847,8
151.3950549651217998,8290696,140.1184026198489948,7701608,54965,54762,-15.7956320292941748,-845477,9
205.6258936897730805,2645994,205.3073515697855145,2641895,12868,12868,-0.31854211998756605533,-4099,10
207.1223417775141913,2444665,146.5819170632222978,1724976,11768,11803,-60.8851593116374169,-714670,12
47.5945278022947926,269623,216.9700854700854701,1218504,5616,5665,,,13
124.2962813148882237,4609279,100.4096811641154396,3719275,37041,37083,-23.9625968835237246,-887311,16
274.5650252525252525,3044377,242.8329567025219199,2686461,11063,11088,-31.8998913830557567,-352430,19
174.6666993432016469,5345325,156.4506286013619696,4778628,30544,30603,-18.4693128970983166,-563942,22
179.84607051408312,5478471,163.2435248488035761,4966521,30424,30462,-16.7446220643378725,-509070,24
174.8701633418128263,5224421,156.9496897311002869,4704410,29974,29876,-17.3650052095587,-516661,25
181.1655917130851168,7415470,164.2400019591996669,6706412,40833,40932,-17.2689753204421244,-704626,27
174.8722502414422148,6518538,148.0788297986866186,5502017,37156,37276,-28.7662885279795424,-1057420,31
121.3361793940288048,6579697,121.3565316810503799,6580922,54228,54227,0,0,33
172.2541171088746569,1506190,183.019634703196347,1603252,8760,8744,11.1103345554537122,96971,34
142.1123414431274693,2733673,118.4309260125825404,2277782,19233,19236,-23.4002192410085086,-448278,35
124.1614810205351587,12769760,178.0228097049957998,18013238,101185,102848,-61.7586374992383158,-1013521,37
649.7164179104477612,87062,649.126865671641791,86983,134,134,-0.58955223880597014925,-79,38
-151.8,-759,1563,6252,4,5,0,0,42
2457.5,4915,2103,4206,2,2,-354.5,-709,55
162.3378442828186479,2723055,159.6640829954686382,2677886,16772,16774,-2.5934052829288653,-43494,58
670.1555555555555556,90471,672.4074074074074074,90775,135,135,2.2518518518518519,304,61
145.7846504667569301,8183184,127.6438196609683547,7123291,55806,56132,-18.9225350847244434,-1053058,64
136.4313779745434422,3451441,117.6572740224790249,2972964,25268,25298,-18.8490887480190174,-475751,66
245.0413895694784739,2800333,168.0463953692334678,1916065,11402,11428,-77.2350464830731451,-880634,67
100.1777184319258289,1988127,56.0378257783186289,1105178,19722,19846,-44.5127827939535356,-877525,68
73.699581410325212,686659,97.6514996008666895,856306,8769,9317,,,70
173.8634756332776135,5408545,173.6273148148148148,5400504,31104,31108,-0.61838071573784246023,-19163,74
111.3666329625884732,1101416,59.6769028073375899,588832,9867,9890,-51.6266924564796905,-507129,75
-77,-154,-72.5,-145,2,2,4.5,9,76
183.1072152473150809,6052609,171.6780848814378493,5683403,33105,33055,-19.4122105930859499,-612067,77
117.4160137383277879,1093965,144.6819349315068493,1351908,9344,9317,23.2604040181035434,210716,78
110.0405708963401271,4016921,68.5567256273138626,2499921,36465,36504,-41.4674112901012651,-1511031,82
179.5923525430787652,6899579,179.3073298974439065,6888629,38418,38418,-0.28502264563485866,-10950,93
92.0635137442376643,539216,6.4320122992825419,37653,5854,5857,-85.5497256515775034,-498926,100
137.8178002480206048,2889488,114.6446213999618539,2404327,20972,20966,-22.9555969792562852,-480277,102
194.0296783508462341,2418968,150.8865225427951459,1877481,12443,12467,-43.5074482647556164,-540319,105
191.8503602882305845,2396211,153.3086499076379407,1908846,12451,12490,-39.2333413712724058,-488102,106
216.2580041190788242,2310068,166.147656691134952,1765485,10626,10682,-50.9608323133414933,-541255,107
194.3259707248663336,2217065,197.7348816827344435,2256155,11410,11409,3.0309404855815584,34580,108
253.1,2531,1038.2666666666666667,15574,15,10,0,0,109
200.6421897217144018,1975523,150.6986176052043098,1482573,9838,9846,-49.9447164422684619,-489658,114
148.9964439498766268,6159215,148.9457883787314335,6157121,41338,41338,-0.05065557114519328463,-2094,117
173.6153743226065431,5190058,155.1999331885752464,4645910,29935,29894,-18.0571485997588101,-539042,118
98.8018867924528302,1958451,48.9700759493670886,967159,19750,19822,-50.8709005990455884,-1002055,120
239.6333287349979307,5211306,178.250345590268178,3868389,21702,21747,-61.7643500346340337,-1337507,121
147.79492259491338,3207741,147.79492259491338,3207741,21704,21704,0,0,125
166.591261920603238,1502320,119.4543842146103536,1077598,9021,9018,-47.9149820305480683,-426635,126
168.6421636379148537,9883274,158.2844356381525007,9266604,58544,58605,-10.4384621956428877,-610911,127
120.3842421210605303,2406481,82.1436130007558579,1630140,19845,19990,-38.7694597185088029,-768527,128
144.1705182341650672,5633463,133.144546548237643,5201558,39067,39075,-10.9145112916869601,-425786,130
148.6803118283019473,4634514,128.5411998844413058,4004444,31153,31171,-20.0919994854974596,-624821,132
114.482641003776343,939788,114.19295894749665,937410,8209,8209,-0.28968205627969301986,-2378,133
159.5577783088109787,9347852,149.4868261530317777,8754397,58563,58586,-10.1101618167216308,-591677,136
158.9893624934910362,8549176,136.8763320664729115,7346974,53676,53772,-22.1464702042338898,-1187383,138
162.9924778642698553,30465739,140.2731666361689074,26063596,185806,186915,-29.974025974025974,-5495348,139
134.7348482430664156,4221647,106.6744037342541083,3336562,31278,31333,-28.1452969584546007,-880019,142
212.5239537966294262,2244678,160.1958870356330553,1690387,10552,10562,-52.3847762045044189,-551245,143
91.6873519913885899,1703551,110.9246343593101943,2032583,18324,18580,14.3997834387644612,252673,146
152.2006578947368421,1249263,98.2220738222438077,808957,8236,8208,-53.162426614481409,-434656,147
159.2551589610211834,4653595,146.3665913138786135,4273319,29196,29221,-12.9214173012279619,-376711,148
155.2443778726198293,7565990,121.6180861125961262,5914774,48634,48736,-34.3326605013284999,-1666885,151
117.0648772785991101,3262364,63.4975974565555114,1757550,27679,27868,-53.8934245286432888,-1489237,153
160.5476166583040642,3199714,125.7958845671267252,2506483,19925,19930,-34.7630493814744041,-691298,155
131.2615263709395739,1503207,101.7335914129860989,1156304,11366,11452,-30.3219172036366846,-343517,157
50.2939969214982042,294069,153.538828467849647,804697,5241,5847,,,158
187.6581064886149632,2192222,160.1887829597182857,1865078,11643,11682,-27.8741619391438886,-324288,160
31.7695852534562212,6894,121.7019230769230769,25314,208,217,,,162
153.5573108653677374,1749632,153.5573108653677374,1749632,11394,11394,0,0,164
62.3867039657725852,379124,279.6708265802269044,1725569,6170,6077,,,166
155.9000100830168386,4638493,139.64818310523832,4142803,29666,29753,-16.5563271084743477,-491160,167
137.8868296734672689,2656114,118.5833766233766234,2282730,19250,19263,-19.8359305779955178,-380592,169
194.096656446196525,3988104,178.0893519422213547,3649407,20492,20547,-16.7979793049590004,-344157,171
138.408624804542836,8409016,130.1520621952826459,7901792,60712,60755,-8.2768918718358866,-501919,177
196.3802135645186869,7429849,170.2447791217807893,6432018,37781,37834,-26.4676445668290616,-999630,183
251.8831399779828944,2974488,198.7763953983809118,2332641,11735,11809,-54.2709737987539473,-635893,184
179.3339393939393939,1775406,164.4485906309559635,1639388,9969,9900,-19.11440329218107,-185792,185
134.9174132855497248,4216439,107.1587230359947434,3343245,31199,31252,-27.7989738656405323,-866911,187
86.3324110671936759,655263,112.1247869969851881,855400,7629,7590,17.4379244770442814,128378,188
136.2738614747678192,4871518,102.4234117845306971,3646888,35606,35748,-34.2911491992132622,-1220422,189
138.8912465561409445,2873521,125.3223779603673272,2592920,20690,20689,-13.2766906968760728,-270725,190
134.5379631795850055,7475871,118.0538713195201745,6495324,55020,55567,-17.6939674793787214,-971735,191
140.1579365079365079,1765990,105.5238246758412219,1326540,12571,12600,-34.8787757711363273,-436473,192
-41.5809080325960419,-35718,-20.7465277777777778,-17925,864,859,-486,-486,194
212.8123618090452261,2117483,150.8393521778493109,1499494,9941,9950,-62.0897190615245192,-616613,195
56.3161664392905866,330238,56.3161664392905866,330238,5864,5864,0,0,196
167.8397267472411981,6387980,153.3029276618091112,5838542,38085,38060,-14.3414768842371009,-545349,199
130.4825689941953223,3843886,105.0799741909192787,3094290,29447,29459,-25.3198097179748556,-745162,201
198.8411718650425156,10920556,178.0269396551724138,9747331,54752,54921,-21.3332723848530837,-1166738,203
151.9861517340177879,7638672,159.4897777072716096,8042910,50429,50259,-17.1028915662650602,-567816,205
146.8613569321533923,49786,153.6598240469208211,52398,341,339,1.8609467455621302,629,208
216.8447828633587148,2591512,167.8810978160823362,2006347,11951,11951,-48.7313445378151261,-579903,209
137.9466634390381667,10257438,140.0159776581318224,10428250,74479,74358,-21.5676784377339656,-1382747,210
128.7540268670019736,4044679,113.7976178979558989,3535123,31065,31414,-15.6217826885288149,-484947,212
237.72,5943,237.72,5943,25,25,0,0,213
210.5970713449342457,62230171,177.9466708291199805,52440528,294698,295494,-33.1407807069104351,-9754094,215
169.4035647170770139,49670311,166.9170754337251584,48933076,293158,293207,-2.5343537229325001,-742961,216
172.0388332728770523,50747843,170.811834227245913,50382317,294958,294979,-1.2337806316874381,-363911,217
152.2514945530422315,11893430,142.8373822256175197,11218448,78540,78117,-17.5603956085814956,-1290812,218
117.8579715157040903,7497417,143.1245961007133603,9168991,64063,63614,-9.1693752844048625,-282105,219
178.6952208799929459,48637980,168.8039651316420753,45739460,270962,272184,-19.3392278484805678,-4517779,220
164.1277766924070894,47885756,162.4944188988222424,47530430,292505,291759,-5.2149383041992052,-1501193,221
177.4671663097787295,1989052,177.1089726454602156,1987694,11223,11208,-0.03018596711885724553,-336,223
58.5238095238095238,3687,-58.5396825396825397,-3688,63,63,0,0,225
161.231308679823721,12621993,142.0431200745915982,11120982,78293,78285,-19.173827923750644,-1488656,227
141.8929437774434243,9242055,134.4275204275972231,8752307,65108,65134,-7.4900009215740485,-487644,229
163.9501924813459436,3449676,134.9420358825488983,2835537,21013,21041,-29.0695072601761485,-610605,231
162.8996019583096404,11745550,159.6888864241348713,11518040,72128,72103,-3.164474961853239,-228127,232
111.3161668269651132,1273123,111.3161668269651132,1273123,11437,11437,0,0,233
130.7596903363587827,4898258,120.6807748830995324,4516478,37425,37460,-10.3408663406244962,-384825,235
155.9318899258852594,4544479,155.9318899258852594,4544479,29144,29144,0,0,236
173.6907460581330915,3447935,124.6130467762326169,2464223,19775,19851,-49.4253292806484296,-975656,243
125.860330836454432,2419539,125.6967852684144819,2416395,19224,19224,-0.16354556803995006242,-3144,246
269.6763967882234861,3224251,192.5160697887970615,2306150,11979,11956,-76.5929774574708791,-913984,247
152.4603227232537577,1379461,103.5539193976970771,935299,9032,9048,-48.9433710859427049,-440784,249
109.4583933010597933,3346362,89.2896547205660748,2725656,30526,30572,-20.255217377059922,-618250,250
164.9690143522478852,1735639,104.6938541068351522,1093632,10446,10521,-60.6188606988989947,-633164,252
410.625,6570,410.625,6570,16,16,0,0,255
124.5862658011615989,729328,51.2530367835757057,299574,5845,5854,-73.2185680027406646,-427450,257
74.332532667179093,773653,58.8484389782403027,622028,10570,10408,-14.5114607614607615,-149410,258
117.4764534489768261,6934870,126.3579353593825374,7596260,60117,59032,-11.0063074366713012,-324565,259
150.1273919623339499,4464038,131.3511203822084651,3904018,29722,29735,-18.7287484844402533,-556094,261
160.5957980663075842,4800369,151.8132081147020487,4542403,29921,29891,-8.5743641231593039,-256202,262
128.8242131664823755,4776673,108.1528643514395963,4008037,37059,37079,-20.7965248457291328,-768390,263
350.7555555555555556,15784,350.7555555555555556,15784,45,45,0,0,264
155.1923450868550687,4788615,126.2313747084736978,3897015,30872,30856,-28.6955717161223297,-883881,266
155.5668965070732576,4805617,139.5857754149377593,4305942,30848,30891,-16.0789644432909421,-495618,267
150.9449042247880932,4523215,150.943836347860909,4523183,29966,29966,-0.00106787692718414203,-32,269
80.2602967510872346,627475,76.7111252383979657,603333,7865,7818,,,272
,,79,79,1,0,,,275
262.0569701773506391,2644941,206.2041629319788866,2070496,10041,10093,-56.6812113966925682,-568966,277
204.3955166194279825,2379777,172.4644275600069073,1997483,11582,11643,-32.8404007254512479,-380259,278
126.0314905528341498,4682574,101.3696332254584682,3758786,37080,37154,-24.7563587322993931,-917842,281
123.4450664136622391,2602222,123.442578625302405,2602293,21081,21080,-0.01389943074003795066,-293,283
181.3034625322997416,5262333,163.0473321858864028,4736525,29050,29025,-17.9137770417141083,-519195,286
109.9497467071935157,1085204,59.8072789943227899,589939,9864,9870,-49.7046034500357252,-486956,287
147.6650048638132296,1214397,139.0689864947073853,1143008,8219,8224,-8.615038325830393,-70807,288
187.1002470543519574,1969043,176.0987442922374429,1851150,10512,10524,-11.1594520026638759,-117297,289
44.9102973703612681,182740,152.9449152542372881,613615,4012,4069,,,291
112.1278143687822085,4068782,112.0870835285363904,4067304,36287,36287,-0.04073084024581806156,-1478,308
117.9302278275020342,1159490,53.9016410048622366,532117,9872,9832,-63.1010649191071063,-616245,313
181.4962807274056474,9930569,172.2634844519281805,9411960,54637,54715,-9.0858575690466168,-496424,316
195.3343108504398827,7526817,165.6536478675206999,6362094,38406,38533,-31.3384711844923977,-1199574,317
155.1460478359908884,13621823,166.6414069038256503,14535630,87227,87800,-0.32146747202693335974,-25972,318
127.2893394108442751,5613078,175.4985835057109452,7805475,44476,44097,11.8806178882461382,373788,319
185.9731301827550117,9239889,165.3347799757771498,8190685,49540,49684,-21.054650222401941,-1041363,320
114.2912203687445127,1301777,96.2564596654112289,1098960,11417,11390,-17.6322671850150203,-199562,324
176.3189864846805591,19790572,168.0336458907887479,18887990,112406,112243,-7.9555831110556036,-891797,325
171.761712517526471,7105095,140.9732093381839208,5851375,41507,41366,-33.7835164567447073,-1386712,326
143.053299268786891,1623798,126.3632255206025698,1426009,11285,11351,-21.3075350986315977,-239795,327
169.9878309572301426,3338561,173.6041403685937894,3438230,19805,19640,5.0942114136821131,99709,328
114.7533351483800708,1685956,96.417718869898849,1382148,14335,14692,-65.1924844863249828,-567305,329
192.3954924874791319,3457347,190.0351160331682342,3414741,17969,17970,-2.3629027770048417,-42459,331
137.8349772802837194,1243685,137.8349772802837194,1243685,9023,9023,0,0,333
138.4303254892585129,8106203,125.0330547437146422,7315559,58509,58558,-13.4147313335841571,-784413,335
165.2057593065784859,13189367,158.2527083960276858,12620970,79752,79836,-7.0667227186025499,-563133,336
130.1776670817766708,1254392,51.6047673571354221,495767,9607,9636,-78.7610462692788662,-755791,337
129.9341152850425318,2459263,115.4274354923644023,2191967,18990,18927,-14.0143601744495266,-263498,342
165.6691949434464405,6225020,116.7650338829304733,4376587,37482,37575,-48.9503538523167312,-1832946,345
47.6419469026548673,269177,129.2371053147676015,658980,5099,5650,,,346
192.3295364934723561,2195057,144.156859300895837,1641370,11386,11413,-48.1029903254177661,-546931,347
106.6540734109221128,1191326,69.9319550561797753,777993,11125,11170,-36.7748278361725263,-405847,348
136.3242114615726344,1534329,83.5254191937210132,936487,11212,11255,-53.1022483940042827,-595170,351
179.2097081218274112,1694607,132.1293285472972973,1251529,9472,9456,-46.658440591426444,-438636,352
76.188463260216154,1191359,76.188463260216154,1191359,15637,15637,0,0,358
170.3668832817180281,6711433,172.4690726945800154,6714221,38930,39394,-13.2126568852748807,-448464,360
168.5350085067399555,5151104,146.284189852700491,4468982,30550,30564,-22.2513354963458198,-678955,361
134.7521110377917706,12048321,111.3792372881355932,9935919,89208,89411,-23.6126271633186402,-2105231,363
180.9557444680585073,5789860,164.8575226775101658,5270495,31970,31996,-16.1677984665936473,-516642,364
167.8553916171181091,6860082,160.5063278768629367,6569524,40930,40869,-7.0782766395451426,-288822,365
156.3415021097046414,4631617,164.1070718641555204,4870862,29681,29625,8.1676697322153097,241567,366
144.6592888014653469,16032155,136.531463544534614,15124819,110779,110827,-8.1264228670545297,-899530,368
92.7775412453432677,174329,105.1166359729895641,171235,1629,1879,,,369
212.1606585296622197,747442,89.7790864694053433,312521,3481,3523,-122.2186153404194197,-425443,371
225.1080620931397096,2247704,183.0068286804579233,1822382,9958,9985,-42.3255158530447911,-420504,375
85.3046672428694901,394790,211.1625027156202477,971981,4603,4628,,,376
131.273611411281608,2429612,105.6404822403633022,1954032,18497,18508,-25.6082814614343708,-473113,378
145.0426757028751959,11385705,131.7611070091911297,10350362,78554,78499,-13.2149251437572839,-1031861,380
48.7019938925812826,271124,261.506198347107438,1392259,5324,5567,,,382
145.3233371156859567,8068497,102.6167163101362939,5684453,55395,55521,-42.8398757158082989,-2371487,383
225.1877568196445369,9097135,152.2143176067867242,6136368,40314,40398,-73.0875347360063517,-2945720,384
112.2330621884019942,2138601,92.9644096309536326,1768369,19022,19055,-19.3566996213714767,-368087,391
132.5822914421211468,4920394,113.1259349264209532,4189619,37035,37112,-19.6160164271047228,-726028,392
155.798402434385698,1638376,82.7002862595419847,866699,10480,10516,-73.1864503816793893,-766994,395
179.7439048176321436,3686188,146.1123091184075718,2994864,20497,20508,-33.5689436137984951,-687022,399
123.6453096175555494,4490674,105.6052537082562219,3823227,36203,36319,-18.10136667957727,-654292,400
181.2221656828821494,5342067,160.5591419746801073,4730554,29463,29478,-20.654163693813067,-607914,401
157.5196153339480964,5978657,159.9482744921471515,6039167,37757,37955,-24.241160286675045,-713684,402
83.3319198149575944,864652,42.9447074417723916,453582,10562,10376,-39.3251690016655237,-401392,404
99.478384124734231,982548,99.478384124734231,982548,9877,9877,0,0,405
131.4281870349523626,4786746,103.1221458046767538,3748490,36350,36421,-28.3532017942155811,-1030327,406
141.8410538818702084,1313590,115.6258356696139746,1072314,9274,9261,-25.6692657569850552,-237030,409
100.572479097411101,1996766,55.4051899248425757,1091039,19692,19854,-45.7540142276422764,-900439,410
202.3926241134751773,713434,93.0145257761321561,326574,3511,3525,-109.462546283110225,-384323,412
120.7282903996595856,3688370,101.0311312098571241,3083066,30516,30551,-20.2272444196794389,-617113,413
162.5433155353447615,6362433,138.2752505189779338,5395362,39019,39143,-24.6112207499295179,-960256,414
158.2206037108834118,11426692,142.4463293279558716,10277930,72153,72220,-15.8080896321255737,-1140032,415
174.0292534099066762,969691,117.2633189344852412,651515,5556,5572,-56.9855907780979827,-316384,418
159.8020232150962973,4928614,132.4679358066402443,4077628,30782,30842,-27.6111924039931064,-849127,421
131.5660795274760046,1247378,63.388441145281018,597753,9430,9481,-68.6833475298126065,-645074,422
108.37444279346211,72936,35.9910044977511244,24006,667,673,-72.7226386806596702,-48506,423
135.8853445433564128,4945683,116.0876980633802817,4220020,36352,36396,-19.889821644831003,-722637,424
159.5015684442368017,2389812,119.6512312633832976,1788068,14944,14983,-40.2959183673469388,-600248,427
108.8520483159711127,1703208,108.8921198951875759,1703835,15647,15647,0,0,428
193.1831090625232325,2598506,137.9577464788732394,1841460,13348,13451,-55.8274492167003973,-744794,432
96.8668984981352686,1922033,55.697249100764983,1099408,19739,19842,-42.7908321079052786,-843878,433
134.6797607356486028,1508548,98.1489989274222381,1098091,11188,11201,-36.5619552520442088,-406898,434
160.7931567328918322,1456786,144.0301790846783109,1302897,9046,9060,-17.1072970878086591,-154496,435
204.2545023457599758,4048937,185.3923247381144239,3681150,19856,19823,-18.9996457131288592,-375395,436
163.0445760704010831,4817152,114.7520170859041291,3384955,29498,29545,-50.3482526695326584,-1452245,438
134.7048674588665448,1178937,78.7697923796486425,690496,8766,8752,-55.8602387298644107,-482018,442
139.6210415570752236,1327098,76.3471223021582734,721633,9452,9505,-63.709598899354429,-601992,446
162.2608896197657629,8090977,141.0534807649856515,7028836,49831,49864,-21.1388124183663217,-1051973,447
187.2719014534419422,9380075,162.93962354922124,8128569,49887,50088,-25.0248641495057248,-1248015,449
161.7085192558522688,21200472,180.896071371480334,23764136,131369,131103,-1.9625874639134902,-200547,455
422.2051282051282051,16466,506.3076923076923077,19746,39,39,0,0,456
159.9520939086294416,6050028,142.9564801530368245,5380596,37638,37824,-17.6437853782986526,-663918,457
114.86782852054446,2708928,195.2468524084152384,4807368,24622,23583,19.7191161062958377,207031,458
110.1794117647058824,37461,91.1299093655589124,30164,331,340,,,459
195.8218613366645846,6270216,183.9837746584549973,5885089,31987,32020,-11.9882452246225029,-383468,462
-55.3333333333333333,-166,-135,-270,2,3,0,0,468
144.5147967479674797,444383,151.6069570871261378,466343,3076,3075,7.1294729993493819,21916,470
115.3623744498363616,1022226,64.2627282004762445,566733,8819,8861,-51.3718952024498129,-452946,471
114.7790806986294592,2319800,63.4293042482195328,1273597,20079,20211,-51.9167000200120072,-1037711,472
202.2218484702867211,2524942,158.3923387096774194,1964065,12400,12486,-44.6478657306544017,-553321,474
112.4487078207877215,996408,56.0401045216996137,493265,8802,8861,-56.7281509262416184,-499151,479
113.0462287104622871,1022164,92.1086017934241116,832017,9033,9042,-20.9803747643862956,-189222,480
193.930257142102064,7338127,164.2448255783177174,6205498,37782,37839,-29.8885859494944147,-1129131,486
,,1269,1269,1,0,,,487
172.1042904622822036,3417647,125.1309608180621646,2471837,19754,19858,-47.7088466413181242,-941057,488
173.3125558135381318,970377,107.434114071160379,600879,5593,5599,-65.9393559928443649,-368601,489
142.849308536003815,2995550,128.0533173076923077,2663509,20800,20970,-15.9409104032335675,-331284,493
169.2497207595340673,6364128,166.0497765244226881,6241479,37588,37602,-3.2526489537298333,-122176,494
87.3667001450730945,782893,39.4842731970343743,351489,8902,8961,-48.0846465556055831,-427184,496
214.971130713712911,2144552,114.7660214622404974,1144332,9971,9976,-100.6734550561797753,-1003513,501
146.2360806434764442,1399918,79.4694091720012593,757264,9529,9573,-67.1242771527704763,-638419,502
170.6288631508809062,17413358,153.2861718069008746,15650978,102103,102054,-19.3537059081511184,-1853427,504
95.550373692077728,639232,95.550373692077728,639232,6690,6690,0,0,506
136.0854369860393957,2846363,111.4529386406092829,2326803,20877,20916,-24.7641197604790419,-516951,507
260.389724806968917,2630457,256.5175282234105764,2590314,10098,10102,-3.9391235375768392,-39730,510
152.9144274993948197,1263379,88.2778250821067997,725732,8221,8262,-65.0581862446743761,-534453,514
115.0902551948409855,4176165,115.0902551948409855,4176165,36286,36286,0,0,515
123.9313480227075916,2576037,124.5354307980949632,2588718,20787,20786,-0.03532922603003465537,-734,516
155.4680407081159668,9089439,144.4198912039412912,8442498,58458,58465,-11.0893013063055351,-647715,518
119.9434707993135368,2306393,119.8043580009360861,2303718,19229,19229,-0.13911279837745072547,-2675,519
180.8403084993931801,4619204,166.4808438884749618,4245428,25501,25543,-14.5710414703110273,-371037,520
176.0686230108899273,17105771,166.7493353667333017,16182356,97046,97154,-9.4777831603467291,-919544,521
147.752318339100346,6405063,232.2300309093866927,9992626,43029,43350,5.4237093514605916,118085,523
705.8148148148148148,19057,747.4642857142857143,20929,28,27,0,0,524
116.6599362380446334,658662,118.9015030946065429,672388,5655,5646,-0.13195065260146611836,-738,528
237.7272727272727273,5230,237.7272727272727273,5230,22,22,0,0,529
173.7377027691299361,5301606,153.007416401404522,4662595,30473,30515,-20.8799107289376087,-636190,530
104.5687350017140898,610054,12.8649854177388917,74990,5829,5834,-91.125,-527067,532
142.8894273127753304,2919231,142.9572302422314656,2921331,20435,20430,0,0,533
125.4606962475848276,3701216,97.6892226328101163,2881539,29497,29501,-27.7198928014112219,-817127,535
159.411195652173913,1466583,134.4742223189036328,1236356,9194,9200,-24.9649775637517785,-228105,539
121.8868942616996991,1174624,54.744503490674169,525383,9597,9637,-67.3103808033385498,-645170,540
151.0491631133456374,4746871,131.4643142519257199,4113124,31287,31426,-20.9975020815986678,-655668,541
181.4090879793747986,5629124,149.5982332838996712,4640238,31018,31030,-31.9744757843042228,-989642,542
162.7738140902697865,1273054,86.2543656908063688,671749,7788,7821,-76.6806679511881824,-596959,546
154.003260346041273,8313404,135.1631414894801291,7285023,53898,53982,-18.9920727745289149,-1023008,550
139.8689999258105201,7541177,139.8159729950293048,7538318,53916,53916,-0.05302693078121522368,-2859,551
176.1557221911783262,19545182,174.6890256558346042,19357815,110813,110954,-1.7441316250745406,-193037,553
195.0260480366389966,7494656,165.1327546326376797,6353813,38477,38429,-37.1983006677886965,-1370311,554
162.8094161588362493,4969269,162.8207581168299315,4969778,30523,30522,-0.06834414520673612476,-2086,557
177.6110616184112843,2392421,136.4612623392162728,1824760,13372,13470,-42.0733478033081356,-562142,559
171.7372666666666667,2576059,112.1526681824261067,1677131,14954,15000,-60.1509990612846989,-897092,560
113.3808340156743479,3877171,112.3992592157093304,3823598,34018,34196,-18.652939971317353,-546270,562
133.1103710242623652,4976065,122.0299842047492839,4558186,37353,37383,-11.0704104367433495,-412406,563
183.63933798909404,1919582,137.9269796111901375,1454440,10545,10453,-43.9077543960795618,-456948,565
133.7750959692898273,2787873,117.2879807692307692,2439590,20800,20840,-16.6772578471018679,-346420,566
110.0424075209482935,2153750,68.2350538622555777,1336520,19587,19572,-41.6992787223080886,-809383,567
137.3323338063237932,5129500,110.3336360722299391,4130450,37436,37351,-26.4896229956561377,-987904,568
95.6624694847745085,744541,34.3802096650473025,268922,7822,7783,-60.651411628206781,-470473,570
191.4704545454545455,7245242,180.2210473446297814,6817582,37829,37840,-11.2797197250132205,-426599,572
163.3998081140350877,1192165,116.1693114392162274,841879,7247,7296,-48.0686274509803922,-348113,574
173.8078875296695271,9519458,162.8360332389736097,8916087,54755,54770,-11.0480226504703626,-604824,578
232.3052220888355342,2322123,191.1656447884209468,1901907,9949,9996,-42.0042262024552224,-417438,579
306.0379460546155135,3653481,197.8038639227215456,2354855,11905,11938,-108.4938676075268817,-1291511,583
155.6357936734112283,546126,92.2109777015437393,322554,3498,3509,-63.5208690680388794,-222196,585
153.5619271182651464,1373765,125.8005595970900951,1124028,8935,8946,-29.7493771234428086,-262687,589
162.3692052287216975,11638787,152.4156538988070293,10910827,71586,71681,-10.1775119817793117,-728374,590
118.2970188075230092,2364994,69.069459868753155,1368266,19810,19992,-49.8008288270076313,-985409,591
175.7448239656134134,5356175,150.6552798118021272,4546927,30181,30477,-28.1596098873381537,-837326,592
186.053263250109505,2123798,138.2367818117729996,1568711,11348,11415,-48.6292997001234786,-551359,600
242.4172139042115401,2768647,172.604173974044195,1968378,11404,11421,-70.0306936771025169,-798560,601
174.9944511877926131,2018386,160.8496823048132997,1848002,11489,11534,-24.0303350039567396,-273297,602
139.1356401709000423,2963450,114.1414074978859344,2429614,21286,21299,-24.9622730711043873,-528002,604
145.9739780425134314,3124573,117.7983387606777101,2496029,21189,21405,-29.1926839642705232,-617688,606
131.6038876019740155,1306695,65.6164830681354549,643304,9804,9929,-66.8643185298621746,-654936,610
81.6071628636516413,2185195,110.1343723991828705,2911292,26434,26777,-2.8428225317989098,-56322,611
128.6918132201334142,1061064,116.4863387978142077,959265,8235,8245,-12.099465630313335,-99627,612
160.3158334447266408,4797291,160.1750100253976741,4793077,29924,29924,-0.14082341932896671568,-4214,614
193.2164958516349439,5938509,185.0058639562157936,5678940,30696,30735,-8.577095099735562,-262725,615
108.6050898537783235,972993,127.7355595667870036,1132248,8864,8959,-6.2362250879249707,-31917,617
409.125,6546,409.125,6546,16,16,0,0,618
180.003257328990228,5305056,159.1817440358866309,4684082,29426,29472,-20.9864387193256747,-617463,619
123.9579019634765893,4513927,114.2397995705082319,4149418,36322,36415,-10.0628464274880732,-364909,620
173.6165923213276974,8912955,161.3948720955228547,8258737,51171,51337,-13.6320126469716431,-689848,621
200.4960002245487973,7143071,171.7476272284338299,6098243,35507,35627,-28.7360502940072563,-918749,628
119.3358098068350669,80313,56.1494768310911809,37564,669,673,-63.5635276532137519,-42524,629
156.9150348128807659,1442363,118.8782712563796286,1094750,9209,9192,-37.2452396585686146,-340347,630
204.0078872646966032,1939911,130.8039422367450195,1240937,9487,9509,-74.4374603845341221,-704625,632
134.8352105778648384,2753335,106.5113139940116821,2169955,20373,20420,-28.3753443526170799,-576814,634
169.1355189248779463,6443725,157.4581724581724582,5994905,38073,38098,-11.6967713098806331,-444875,635
229.3351676261429055,2708907,234.9969530258146424,2776489,11815,11812,5.7083898305084746,67359,636
129.8503971276248504,1193455,124.1449243825481449,1141016,9191,9191,-5.7149075081610446,-52520,637
619.1669793621013133,330016,618.3033707865168539,330174,534,533,-0.07879924953095684803,-42,638
102.1032786885245902,498264,132.8056552015193079,629366,4739,4880,,,642
168.8095280183843026,1909911,100.6798715203426124,1128420,11208,11314,-69.1143341663691539,-774357,643
150.4209283808512719,10768183,147.0204603223373649,10526959,71602,71587,-3.9964706870955996,-285356,644
151.5777934313639165,1721469,116.9296847325540205,1320370,11292,11357,-35.5067801116724275,-400623,647
176.9271737464961379,19629893,170.9455719640518448,18926239,110715,110949,-6.2756231310585323,-694655,648
129.1060235222768524,5960696,186.0535362073823612,8583952,46137,46169,6.9228407789232532,151091,649
216,432,216,432,2,2,0,0,650
157.238290020674477,7073050,141.8667275725299701,6366695,44878,44983,-15.1840538672493367,-681020,654
204.988936170212766,722586,198.4778534923339012,699039,3522,3525,-6.6431005110732538,-23397,664
157.8694445178859424,5971096,155.2446214506867078,5866539,37789,37823,-2.7838725048975486,-105158,672
115.6639806316398063,3200885,117.4665685147945993,3271209,27848,27674,2.472581329834446,64072,673
97.0664681827964703,2706019,97.0418250950570342,2705332,27878,27878,-0.0246430877394361145,-687,674
47.2389380530973451,170816,229.9705722070844687,843992,3670,3616,,,675
131.7801182178488452,7713881,127.3821610357667475,7457716,58546,58536,-4.3145642692209014,-252251,682
156.9977207977207977,551062,42.871919770773639,149623,3490,3510,-114.3429965556831228,-398371,683
234.6098794363417718,7608633,232.151844552565129,7538899,32474,32431,-32.7804248933076959,-698977,684
200.6444,2508055,161.7978971024961875,2015840,12459,12500,-39.0399132669450691,-486125,685
161.2720078655188125,6725204,128.4735351304640054,5352079,41659,41701,-32.8259638004704979,-1367464,686
157.8007793935937649,1660222,73.659998094693722,773209,10497,10521,-84.200171493902439,-883765,692
155.4404262962519459,1298083,155.4404262962519459,1298083,8351,8351,0,0,698
180.4313201840471058,5607625,147.2220289855072464,4571244,31050,31079,-33.2910380399742102,-1032688,699
137.7590589507842077,5094330,119.0593903957555086,4398292,36942,36980,-18.669784211667751,-688691,700
191.4650235438849531,4513405,169.7251213075678897,3987522,23494,23573,-22.4006650750341064,-525430,701
123.1375770020533881,719616,65.1402302801168586,379051,5819,5844,-59.1701066391468868,-344015,704
169.8949779436715304,5006805,153.0599381940435358,4507156,29447,29470,-16.9261674308031924,-498391,705
157.8980790248782024,8523812,136.7562658850156763,7371573,53903,53983,-21.2823339457713936,-1146756,706
242.1103885275971319,2903872,202.2349891286168256,2418326,11958,11994,-40.5570245167768388,-484697,707
197.2674396502566052,2075648,178.4787495277672837,1889733,10588,10522,-18.7552058343729009,-195448,708
192.5428161646840462,2282210,186.6168831168831169,2212903,11858,11853,-7.6265398012063546,-89772,710
154.7717532600253444,18930907,177.7474413593849469,21778683,122526,122315,-15.9849556295063783,-1152835,715
,,,,0,0,,,716
200.5657370517928287,151026,200.3824701195219124,150888,753,753,-0.18326693227091633466,-138,718
191.9538865648409378,3946188,148.9177045177045177,3049090,20475,20558,-44.8299072756709022,-913768,719
128.6237846597047173,1428753,65.9646994931209269,728778,11048,11108,-62.9455732946298984,-693912,720
79.7664004914004914,1298597,111.627144535840188,1899894,17020,16280,-39.3801652892561983,-4765,723
158.3289070780826758,5377483,147.9760148690110928,5015795,33896,33964,-12.1303686017012386,-406428,724
157.0098547277206694,12937141,150.247033821118465,12372092,82345,82397,-6.8552442616167271,-563268,725
163.7193636939536848,13955766,185.0305921013747532,15653033,84597,85242,-16.6028980246241341,-1097684,726
145.9049266269900952,6790853,122.7249832320041541,5672226,46219,46543,-24.0079353034277909,-1107318,728
148.3919622747747748,6325059,143.6226543761463575,6107697,42526,42624,-9.5386170433340245,-368038,730
219.8148148148148148,5935,571,16559,29,27,0,0,731
172.1492297445995251,11890003,160.4228801959513003,11134150,69405,69068,-12.8231434362286931,-879424,732
55.4513006413576067,1391994,23.1267622461170848,580713,25110,25103,-57.59982077068605,-1156950,733
-9.6888939205253028,-85582,3.1906014177909902,27905,8746,8833,,,734
103.2082499761836715,1083377,36.0886704209220197,378101,10477,10497,-67.0995600612088753,-701593,736
187.5075361315132406,10288351,156.0380941945616246,8544490,54759,54869,-31.5818072157034763,-1727967,738
113.6121951219512195,3167508,73.4276482056466171,2033799,27698,27880,-40.5598236548260037,-1122412,739
160.8018289343992991,8809689,130.5850674761364883,7141175,54686,54786,-30.4098975484815221,-1662205,742
106.2094453711426188,1018761,55.5141331658291457,530271,9552,9592,-50.6062486850410267,-481063,743
105.7311307319851894,371222,90.8265335235378031,318347,3505,3511,-14.9312123817712812,-52095,744
73.1321937321937322,256694,72.0455970361926475,252808,3509,3510,-1.110002849814762,-3895,745
91.101125703564728,971138,8.1675107859688614,87082,10662,10660,-82.525185952358535,-876500,747
177.4114994153783337,9559109,156.9756799700906627,8397414,53495,53881,-31.7950560749644894,-1499741,748
135.0815718409535338,7253205,135.1782255661501788,7258530,53696,53695,-0.03387778667610303019,-1819,749
263.1165057067603161,2996897,217.6481172649872729,2479665,11393,11390,-45.7958517210944395,-518867,750
79.7984443692932026,1651748,126.3318547803866737,2620249,20741,20699,45.6405032067094228,925133,751
82.6665158882732104,731020,33.613780598368087,296608,8824,8843,-48.9324894514767932,-429089,752
157.7074216338569175,4598433,136.0910836104350211,3969913,29171,29158,-21.3400336735044497,-621059,754
162.4672340189610246,11721686,142.2787021746069193,10252461,72059,72148,-20.2972826690351948,-1462541,759
54.0024498444017745,815599,133.4078547763666483,1932813,14488,15103,,,762
168.9197240674501788,3305759,151.2320049112395764,2956132,19547,19570,-17.7511279737489746,-346218,764
114.013374637360476,2318690,85.0827819511467091,1710249,20101,20337,-29.9841214534594326,-602381,767
169.6202388242498469,5539797,127.0764327306159975,4146504,32630,32660,-52.1948459654327802,-1512972,768
163.482644157814871,3447522,135.2478571428571429,2840205,21000,21088,-28.4428666730201086,-596902,781
213.732804011700794,2557313,168.7304828047862104,2016498,11951,11965,-45.0620909548581977,-537050,782
53.4419184054811585,514806,110.973862334687077,1065682,9603,9633,58.3724106006249277,504396,784
65.1063661971830986,577819,63.3272727272727273,560763,8855,8875,-1.8883556165009713,-16525,786
180.8608509771986971,1776777,147.2379837067209776,1445877,9820,9824,-33.5933346963811082,-328610,788
161.6467071867485974,4840349,142.7152919184163968,4275322,29957,29944,-18.6893288298832893,-558867,789
118.5646817248459959,2251899,99.2494731296101159,1883755,18980,18993,-19.2786919831223629,-365524,790
151.6458138290758326,9070846,119.7727486243457254,7139414,59608,59816,-32.3513531674702236,-1925779,791
112.5838792366847052,395282,83.8944666286366229,294134,3506,3511,-28.740296803652968,-100706,793
194.3966745843230404,81841,193.5296912114014252,81476,421,421,-0.8669833729216152019,-365,794
158.8312440224074327,9299887,149.8913990806090538,8771195,58517,58552,-9.2231533580749431,-539287,797
83.3908616836354606,671630,92.0009908347783007,742816,8074,8054,9.5308163520440055,76237,798
473.1954459203036053,498748,473.1954459203036053,498748,1054,1054,0,0,800
97.3358144861150873,1359976,82.0430577446625591,1145157,13958,13972,-59.8992370807542824,-416120,801
155.2196989121277609,4237653,135.6813065953000697,3700979,27277,27301,-19.6205594456868424,-535190,805
128.2651503349431376,2470002,128.0491743690933638,2465971,19258,19257,-0.23788752142078205328,-4581,807
436.5,6984,436.5,6984,16,16,0,0,809
159.3333531399079843,18770425,160.7509549274255157,18938070,117810,117806,-8.9789102958185285,-861715,810
189.7932121940231266,15165996,171.3934492112930775,13647032,79624,79908,-18.9046103528523807,-1502822,811
129.9133797231035477,7206555,109.8381052099505362,6084372,55394,55472,-20.2452888197634463,-1119443,812
137.9723885350318471,4332333,110.5520969542337745,3466361,31355,31400,-27.4962192515075136,-861814,814
157.8341561938958707,9143017,143.9785706891197074,8344710,57958,57928,-13.6008000969814523,-785351,815
185.478021978021978,1822878,116.9652050055956862,1149651,9829,9828,-68.6192083461184412,-670890,818
152.6985516178736518,7432602,133.5455965792286819,6496192,48644,48675,-19.157558522914606,-929678,819
181.6433410513678072,2118143,163.4518806744487678,1890321,11565,11661,-23.140875596012137,-266930,820
167.1606465711163957,5201705,166.7667867249807049,5185780,31096,31118,-0.46070967741935483871,-14282,821
167.1136064582666524,9398135,157.0644591847651653,8808489,56082,56238,-10.6288155631986242,-593343,822
146.5986759054057845,5225803,62.6791011235955056,2231376,35600,35647,-84.476887084954056,-2997071,824
163.8690706012134584,2376757,125.9095748358105773,1821282,14465,14504,-38.2684141365239643,-553323,826
230.0235353029544316,2296785,182.7356218006624511,1820595,9963,9985,-47.5819334071019012,-473012,827
212.222870965051297,2544340,169.8848631913647394,2030294,11951,11989,-42.8539363484087102,-511676,832
98.2495351431759018,2906123,74.6608371462463989,2202868,29505,29579,-23.7968872124239644,-700271,835
135.3950633755837225,3044358,80.7333273654999552,1803744,22342,22485,-55.1618318560300833,-1232205,837
220.8096800266248277,4644290,187.6047022842397018,3925816,20926,21033,-56.976197091784755,-615172,840
186.929658708540298,5833140,158.3945643793369314,4930506,31128,31205,-28.8275429856982163,-896969,841
182.6386920181827069,3736605,155.6765712051607858,3185454,20462,20459,-26.7931118949637468,-546901,842
155.9583175066472082,7801191,141.1938708046513437,7261036,51426,50021,-82.765643952907599,-2319921,848
162.6685775587515505,4852241,159.042301752501175,4737234,29786,29829,-3.8294721998388396,-114057,855
163.0197726544988793,2036443,117.0004021555537682,1454666,12433,12492,-46.7355285403751711,-580502,860
120.8848215453000392,3698592,99.1996727213222059,3031046,30555,30596,-21.7514483029489739,-664572,862
140.8835686124888719,11077675,116.0696252515731282,9112162,78506,78630,-24.8933620865659453,-1950843,863
170.6202218528968423,8828914,168.2564791372746072,8706095,51743,51746,-2.3532368120928614,-121740,864
173.4031420685928242,8984537,153.8880241024353502,7968168,51779,51813,-19.5427107501933488,-1010749,866
159.3534879825810234,1902840,139.6794703148294309,1592765,11403,11941,-53.9702946482260974,-448763,868
108.1750494179661761,3940168,84.9373005392318697,3087301,36348,36424,-23.2406999779881136,-844660,870
138.7159602601672504,3881550,116.8896440708281166,3267650,27955,27982,-22.0105270721805052,-612619,871
224.3333333333333333,3365,636.8235294117647059,10826,17,15,0,0,872
163.4725762621043365,4271048,143.6442263456525073,3746816,26084,26127,-20.0948966680725432,-524095,873
176.3275585015566938,3511387,118.60354134086667,2351078,19823,19914,-58.3008429660289738,-1154998,877
139.6682930408305514,3807218,139.6682930408305514,3807218,27259,27259,0,0,885
173.375920802639912,5201451,161.9489823156489823,4853611,29970,30001,-11.542610031389835,-345655,894
114.7088733367893555,7965843,99.3179826457954971,6890483,69378,69444,-43.6691621277088886,-1884106,895
114.0844162385413519,1132516,86.0813717532467532,848418,9856,9927,-28.5532757745048248,-281107,896
111.750151484548576,1106550,52.0777160181910056,515309,9895,9902,-59.5669674541214641,-587509,897
223.5848769574944072,2498561,188.6006624295049682,2106858,11171,11175,-50.5440271784041869,-550475,899
193.2079004650242406,7811009,196.6087290001731944,7946335,40417,40428,3.313019801980198,133846,900
163.7447651202804922,5043830,142.4972310899732882,4374380,30698,30803,-21.6777126099706745,-665289,901
142.9827025050283416,3909862,128.4619214997070885,3508552,27312,27345,-14.6226380547824813,-399315,902
159.3162055335968379,1249517,78.9061020851989254,616809,7817,7843,-80.3781501854931559,-628316,905
138.9093993543213177,6755303,125.2894839678328294,6091700,48621,48631,-13.4726864349152053,-653816,906
165.6316398139143691,6301787,161.1881820811528651,6129503,38027,38047,-4.8956665964616681,-185957,907
134.3452989139628514,3970844,108.1940328800487112,3198432,29562,29557,-26.0143519615475747,-768542,908
168.3020193151887621,1916960,162.3416345142055419,1851344,11404,11390,-5.635491817701918,-64053,910
172.0522740553174912,7066531,156.5218667378174497,6452927,41227,41072,-56.7763932029965284,-1553686,911
97.339513961270503,7097608,97.3387413086111606,7097649,72917,72916,0.00012342969992868506,9,913
184.7060360125025897,20505510,175.2591337575025684,19447104,110962,111017,-9.4973316986983017,-1053558,916
211.4975008208982451,5796935,196.8369755883642742,5386247,27364,27409,-14.9219578170120993,-408220,919
114.3428987667705651,3374945,94.3483302254619427,2782804,29495,29516,-19.9597490674805019,-588613,920
100.9534147752407527,2966718,100.7939975500204165,2962134,29388,29387,-0.15513662503828223364,-4559,921
191.8162872154115587,2190542,138.5500659340659341,1576007,11375,11420,-53.8251692902998857,-612046,923
209.6968321226795803,4157030,161.5210905609030893,3205063,19843,19824,-47.8487871575429179,-944870,924
146.256525681715137,4516109,146.2824897179312802,4517057,30879,30878,0.01590180393172911876,491,925
86.2816947488957958,1582320,210.7754944631149799,3825786,18151,18339,,,929
217,868,217,868,4,4,0,0,930
137.310381861575179,8054627,129.7160571740465307,7604993,58628,58660,-7.5932365336381784,-445032,931
2211,2211,2211,2211,1,1,0,0,932
159.643034145399543,4960588,161.1541509616313907,5002386,31041,31073,-1.5937247029109866,-49219,933
145.2835825288438898,9872310,142.8144709413208356,9659828,67639,67952,-38.1247348917426061,-1635818,936
90.7404735479097299,981086,90.7486126526082131,981174,10812,10812,0.00813910469848316685,88,937
133.7420454545454545,2942325,113.4271994902371308,2492109,21971,22000,-20.32157666894509,-445957,938
108.7739961229576295,3927829,141.9533062249269983,5201595,36643,36110,27.6033108166874438,952121,939
109.6638642616936717,2152263,91.9617477999898265,1807876,19659,19626,-17.3927036430618093,-339923,941
1425,1425,1425,1425,1,1,0,0,948
227.7395348837209302,48964,219.0511627906976744,47096,215,215,-8.6883720930232558,-1868,949
532.8695652173913043,12256,532.8695652173913043,12256,23,23,0,0,950
137.3467965032643576,1241203,89.6851012056188475,810843,9041,9037,-47.4050871931578363,-426788,951
302.0743905503895451,3605862,298.6772247360482655,3564414,11934,11937,-3.4603653427182839,-41296,952
100.3387405541561713,1991724,48.8403727337182214,964402,19746,19850,-51.6587060135888855,-1018813,954
167.5643699290060852,5286991,155.0519983492587537,4884293,31501,31552,-12.8304826095250207,-403570,956
137.172876304023845,92043,60.4828101644245142,40463,669,671,-76.8905547226386807,-51286,957
160.1593135984239722,3089313,94.8871252204585538,1829234,19278,19289,-65.228141225337487,-1256294,958
89.607059113908429,726086,32.7816788230930894,265171,8089,8103,-56.6081885856079404,-456262,961
100.0941478338103227,3042762,93.8684762654078154,2863364,30504,30399,-5.7768453049626644,-174842,962
175.3470229555236729,977735,91.8041495260239671,513277,5591,5576,-82.8920669185105235,-460797,968
127.1802076280749267,1127071,61.9397754338210276,546123,8817,8862,-65.56100329134037,-577658,970
179.4992215528328708,5303484,158.1916768334011116,4667920,29508,29546,-21.3268891602224936,-628802,971
98.7483432455395072,581134,188.375113368401959,1038512,5513,5885,,,973
222.4969490847254176,2224302,181.2016064257028112,1804768,9960,9997,-41.941105527638191,-417314,974
151.3189666569713636,5722732,133.4887671667857426,5044674,37791,37819,-17.9409678102498941,-677738,975
108.7658227848101266,893620,105.5354925118714234,866763,8213,8216,-3.2203823207110678,-26449,976
116.5751801942964588,1859957,121.6054789414834141,1957605,16098,15955,-21.4245367725083667,-262472,977
207.7879358483215376,6400284,159.2745251360245007,4888613,30693,30802,-49.039018188930178,-1504419,979
56.8068524096385542,301758,144.0854619240868942,603574,4189,5312,,,982
90.732183908045977,473622,245.4186487055356767,1165984,4751,5220,,,984
290.0802546703526849,3462688,192.6672260446383621,2296208,11918,11937,-97.6310312998237812,-1163469,989
191.789850136239782,3941665,158.7256386460215894,3249590,20473,20552,-33.5050317537860283,-685848,991
143.9922881820674527,4201119,130.4395804051969422,3805053,29171,29176,-13.5772706965875116,-395085,995
206.4553402881271734,2077973,196.8321720087597054,1977376,10046,10065,-10.4887977595519104,-104867,996
154.0935508606784949,5827664,135.6766600397614314,5118402,37725,37819,-19.1505410566518141,-722052,997
139.5134119415605769,2969822,111.2421816126601356,2361894,21232,21287,-28.9768744954651218,-610224,1005
124.0111690450054885,4518967,101.5799388581343469,3688266,36309,36440,-22.661432074276111,-822542,1009
190.1929577464788732,135037,190.1929577464788732,135037,710,710,0,0,1011
48.2901843918793071,259270,95.0428812843261512,449933,4734,5369,,,1013
130.2855229677246551,972842,64.3053085421719213,477274,7422,7467,-66.2956474868616089,-491980,1017
175.2354623122502411,5086735,173.2945733764892225,5032821,29042,29028,-1.9328752460205103,-55978,1018
172.0154741289741636,12416937,156.4060300670470162,11267334,72039,72185,-15.8386317572257545,-1140920,1021
237,474,237,474,2,2,0,0,1023
169.6092221386057331,4958356,152.2074559297619864,4438065,29158,29234,-17.6005975069537447,-512547,1031
165.5299838470857451,4918889,159.3624859578404811,4823265,30266,29716,-26.1508560690423163,-751471,1034
-176.0769230769230769,-2289,-638.25,-2553,4,13,,,1035
56.7667844522968198,48195,56.7047058823529412,48199,850,849,0,0,1041
112.1417759838546922,1111325,84.4511859920594523,829564,9823,9910,-28.2781294670206249,-276956,1043
-220.6463932107496464,-155997,138.0673211781206171,98442,713,707,357.4483734087694484,252716,1047
138.982420894023104,29885112,138.4336518341573616,29903330,216012,215028,-3.9519390479923565,-806571,1048
117.0278336140236504,6462394,117.7269286490402028,6500881,55220,55221,-0.0015036231884057971,-83,1055
169.4171803698663037,2116190,171.4463213513729886,2141536,12491,12491,1.7981085196762042,22435,1056
479.608187134502924,492078,481.0038986354775828,493510,1026,1026,1.3957115009746589,1432,1057
146.622120019457834,6631132,144.591254752851711,6540730,45236,45226,-2.7432444503997499,-122837,1058
194.5719411867670226,2223179,148.9293526195096137,1688561,11338,11426,-46.7739744155271284,-530183,1059
159.4197828161206779,3508670,127.9682366325369738,2812102,21975,22009,-31.4997041285447676,-692017,1060
132.0194242694785609,5471281,132.4046905946572629,5481819,41402,41443,0.21714437623858088839,8985,1061
164.8641699459747882,4943617,147.2894455577822311,4409846,29940,29986,-17.7163765161893942,-530198,1062
178.1838963849717629,5269076,162.1983874246222644,4787772,29518,29571,-16.171235894133993,-477197,1063
162.064043799337917,1272851,159.7989552809275067,1254262,7849,7854,-2.3363485794368709,-18338,1066
125.5869316010699274,1971966,85.6106914212548015,1337239,15620,15702,-40.3655693608300243,-630268,1067
194.9699315272402501,4584328,166.8864023870417732,3915155,23460,23513,-28.3378263095034977,-664352,1068
168.6575385759434839,9072089,146.9480098993319812,7897133,53741,53790,-21.7433145114701552,-1166768,1073
694.5238095238095238,14585,694.5238095238095238,14585,21,21,0,0,1075
161.4173506174733451,4208796,143.2290601576013838,3726104,26015,26074,-18.3539768577249837,-477442,1076
185.9582725415815582,10196464,169.1626980501087334,9256752,54721,54832,-17.1466154409074277,-937234,1079
103.8691475576088794,3687147,106.5729794248039104,3750090,35188,35498,1.8130065061066088,63535,1081
92.119050051072523,1803691,95.8094516813086943,1897602,19806,19580,2.4845137311583729,48130,1082
171.0770212765957447,13669054,161.5829260345389378,12893348,79794,79900,-9.6627471136127164,-770807,1083
142.488403963736032,1351645,136.4811808118081181,1294524,9485,9486,-6.0478751449963092,-57352,1084
145.6218206731180954,1700426,87.5116159451350193,1020823,11665,11677,-57.8846685082872928,-670536,1085
191.5190147584747897,3802227,143.4571385222272796,2836578,19773,19853,-48.5704660587639311,-958781,1087
137.4021706887225392,7874381,160.1286523295000521,9217966,57566,57309,-21.5530861934656097,-940706,1088
138.5495029167693698,6745144,138.7473863659703822,6755194,48687,48684,0,0,1089
286.4817712964609639,3221774,240.9337016574585635,2703758,11222,11246,-47.5300551387507909,-525825,1090
181.2692986530422666,1951364,174.8495353159851301,1881381,10760,10765,-6.4724416767357561,-69637,1091
168.6893799209027249,4649248,152.8457547859126114,4183694,27372,27561,-17.3753501400560224,-471428,1092
207.9367375886524823,732977,201.5428977272727273,709431,3520,3525,-6.6181818181818182,-23296,1093
107.6592261904761905,72347,96.5572065378900446,64983,673,672,-10.9657738095238095,-7369,1097
173.3329996997297568,5195310,153.7566729981005698,4614084,30009,29973,-19.500252075420966,-580191,1102
94.3623705023950095,847091,37.2820598748882931,333749,8952,8977,-57.197877094972067,-511921,1107
258.0347284060552093,2607957,198.5255213505461768,1999152,10070,10107,-59.6726604410888138,-600665,1113
-70.5060804490177736,-75371,-155.139945652173913,-114183,736,1069,426.8888888888888889,38420,1120
133.85949177877429,4925360,95.1527072183433399,3502476,36809,36795,-49.851773660379455,-1794614,1125
140.4552232886491632,1770719,99.8049872122762148,1248760,12512,12607,-43.4934595939330712,-541972,1128
138.7263327082775248,5178654,120.3317419873943945,4486569,37285,37330,-18.4432567782235266,-685001,1130
145.5941148751243521,2780702,180.0715886000104205,3456114,19193,19099,30.8032608695652174,566780,1131
156.3948323518807836,6506807,138.9552824016164726,5776649,41572,41605,-17.5522438366718028,-729050,1134
91.0490341753343239,61276,61.5605381165919283,41184,669,673,-29.8056801195814649,-19940,1135
127.2987255101349061,3755567,124.2907106788219744,3667446,29507,29502,-2.9458497219584972,-86879,1136
157.4153318077803204,550324,95.4664179104477612,332605,3484,3496,-62.1547516508756819,-216485,1139
159.6508703088841936,1586770,113.478967013013215,1124917,9913,9939,-46.2067016552280985,-457816,1141
169.5221703617269545,3196171,140.0669064367694505,2648245,18907,18854,-34.4103609159650346,-641650,1144
216.261470724548123,2799721,194.8342897022332506,2512583,12896,12946,-22.1877278721588705,-286022,1145
202.7203915415078831,8139021,147.7891191838149716,5968168,40383,40149,-55.9861774189516835,-2239839,1146
227.7718806328860405,2274530,180.5236517023199759,1797474,9957,9986,-47.7444645732689211,-474389,1147
165.2587199458178124,4880090,165.195665424991534,4878228,29530,29530,-0.06305452082627836099,-1862,1148
148.6336038186157518,1556937,67.4139281620175774,705689,10468,10475,-81.1625634639333269,-847256,1149
193.0440139538335931,2600882,134.5794135159273593,1808209,13436,13473,-58.7817153067301965,-789556,1150
98.0484268125854993,716734,146.220266149154422,1054833,7214,7310,-20.4772427440633245,-62087,1151
158.2246915779628557,3552619,131.9231251679956993,2944788,22322,22453,-27.0287934597071242,-601715,1152
134.6634639880627434,3700148,156.8659805142480404,4282755,27302,27477,-27.7019158655485103,-406304,1154
61.0835963653754185,638629,61.8349431003155781,646608,10457,10455,0.74261119081779053085,7764,1155
161.4796350813626217,4991497,137.8058932218224254,4251174,30849,30911,-23.94344639730203,-738368,1159
161.81699842607166,8738927,141.6664871790110849,7629732,53857,54005,-20.4918407553341759,-1102543,1160
70.545643380343282,645281,237.3467801239626011,2259304,9519,9147,,,1161
159.109329707821358,6202559,146.0755892989971016,5695049,38987,38983,-12.908887459807074,-501833,1167
173.0141191543882127,6751876,157.4897754971135343,6138164,38975,39025,-15.6676247914795329,-610489,1168
168.4657387193966839,18675101,164.4613044459489957,18218201,110775,110854,-4.069038734335047,-450349,1174
221.8471078480007937,8943988,190.4414653504638127,7678219,40318,40316,-31.2645567102580677,-1257523,1176
188.5292863464478236,4686461,178.3119481571486432,4402522,24690,24858,-46.9145103725184029,-841271,1177
194.2846342005781632,3494792,194.1586057371581054,3492525,17988,17988,-0.12602846342005781632,-2267,1180
149.1307904330043567,1677274,134.4291044776119403,1513134,11256,11247,-16.2200896860986547,-180854,1181
158.3307686561589602,2119574,98.0040265453732011,1314332,13411,13387,-59.5533528572501314,-793072,1182
142.1393750246908703,3597974,118.0122400475341652,2979219,25245,25313,-24.2155517665252389,-610692,1184
117.8635088812714241,2269344,117.6764828087670095,2265743,19254,19254,-0.18702607250441466708,-3601,1187
148.4890156918687589,1561362,144.8980776551199086,1522589,10508,10515,-3.6510808494429102,-38340,1189
144.5246708569079481,13359427,135.0506945951812459,12443571,92140,92437,-15.3621235243951703,-1369011,1192
86.7189389920424403,817326,73.5635013262599469,693336,9425,9425,-15.9903856659018901,-146360,1194
81.1325966850828729,14685,216.6077348066298343,39206,181,181,7.4782608695652174,172,1195
98.0076845973939191,880011,51.627726557229593,459177,8894,8979,-46.8548459635709467,-416727,1198
150.1340447303025873,3081201,111.0016088143525741,2276865,20512,20523,-39.1402224824355972,-802218,1202
184.644576633516126,1986591,79.385765663448798,838790,10566,10759,-105.065688594415523,-1110019,1206
118.7814153846153846,965099,91.0612344474262015,746520,8198,8125,-26.624875745526839,-214277,1207
505.6595744680851064,23766,505.6595744680851064,23766,47,47,0,0,1211
179.9718552106950199,4604040,145.4228090766823161,3717007,25560,25582,-36.3944238796566118,-924200,1212
219.4927692123819768,3672992,182.6736904409588636,3086272,16895,16734,-45.4645675443394015,-581901,1213
178.5938565927012654,9738723,176.6054634610458521,9652195,54654,54530,-2.7010772488721112,-146682,1218
172.5895854291311484,6519399,170.297174931822394,6431954,37769,37774,-2.4959970309103441,-94154,1219
95.6846179737462134,2274232,98.5576156717983137,2349515,23839,23768,-8.568896338056783,-168713,1223
131.3384523065995567,10724704,105.4833997829718229,8651432,82017,81657,-25.0532011484380751,-2041886,1224
178.4225871546865215,2564111,203.4888369856426461,2962187,14557,14371,-60.4360923690962653,-635969,1226
147.195924014260629,5532506,137.8179470798062077,5177269,37566,37586,-9.4019020218972269,-352938,1228
201.052649660740359,2340856,169.1101321585903084,1957788,11577,11643,-32.8175377969762419,-379863,1229
149.4532422229655469,3127608,91.5096966205837174,1906330,20832,20927,-58.4195595730358688,-1215010,1230
200.3362399386738214,2090709,145.7250497583167472,1537545,10551,10436,-52.4701413597461294,-545637,1231
178.1480391899345959,6782274,172.7849733448882586,6579479,38079,38071,-5.2964072643170648,-201523,1232
165.6033951994289283,7423669,147.9969326517003779,6658382,44990,44828,-16.9380717488789238,-755438,1234
218.4355749486652977,2553075,175.2443602548648183,2035288,11614,11688,-43.9944028244209076,-510907,1235
147.763975272699775,7816271,127.9579784105784371,6744793,52711,52897,-20.1632560082007669,-1062160,1238
142.3522972778337894,2965056,113.0158791261668752,2348696,20782,20829,-29.4792039897351474,-608834,1242
157.2189844514515603,1445943,152.6180117467913857,1403170,9194,9197,-4.6251495703252475,-42519,1244
151.0347146339413297,1796860,117.7599695199390399,1390863,11811,11897,-36.8060446780551905,-420141,1245
190.3740725887306998,1898791,191.4085396411747018,1909683,9977,9974,-0.14370654036077799053,-1426,1246
99.6306036499766027,1064553,88.6300502699683485,952064,10742,10685,-12.1587465888773878,-129211,1248
164.7052980132450331,3631093,135.516064439792482,2977830,21974,22046,-29.4189994992944604,-646306,1253
120.1071869597431465,972628,62.92317270576516,505336,8031,8098,-57.1717209534506427,-458117,1254
101.8618171050683512,2064026,45.5300781636489562,920345,20214,20263,-56.9337126884296696,-1140610,1255
243.0039390756302521,2776077,238.4956240154034658,2725051,11426,11424,-4.4523726142531956,-50855,1256
168.4546667496864521,18938179,159.5323101057097527,17898568,112194,112423,-9.2137356901305399,-1032611,1260
160.4630561617601211,3602877,135.0544933506470246,3016172,22333,22453,-25.938675645342312,-577784,1261
70.9356540084388186,201741,133.7499115670321896,378111,2827,2844,,,1262
80.876875,776418,80.876875,776418,9600,9600,0,0,1263
211.6371583947132925,3074453,162.476177323574092,2352980,14482,14527,-50.5431739431739432,-729338,1265
178.1646049545352312,5545017,150.8150101289430528,4690196,31099,31123,-27.356464031442286,-849172,1266
156.1990538398732049,6504441,145.4528138319647458,6040219,41527,41642,-11.047452727929664,-458635,1270
134.1012815948736205,1506762,115.7690097854385492,1289551,11139,11236,-19.4508322087269456,-216196,1272
163.3243294654746053,1717192,163.4727981738634202,1718753,10514,10514,0.01712165889850661086,180,1273
134.0418566290178469,5850793,170.5995549096194023,7512522,44036,43649,1.6653035014194944,49273,1274
146.8666445925251438,7096890,127.1127528183023873,6133953,48256,48322,-19.8138049721122146,-955600,1278
188.8097794822627037,1969286,191.834984756097561,2013500,10496,10430,4.2083736221233804,43523,1348
190.4379652605459057,1995409,172.4626993166287016,1817067,10536,10478,-17.0203220858895706,-177556,1350
320.3555555555555556,14416,320.3555555555555556,14416,45,45,0,0,1362
47.762417823228634,261547,284.9893382352941176,1550342,5440,5476,,,1368
1080.5,10805,1080.5,10805,10,10,0,0,1386
114.2587203081532206,1067862,129.1129084092126406,1205269,9335,9346,-0.13507057546145494028,-1244,1419
-4,-4,-4,-4,1,1,0,0,1427
109.0264288074000661,3960276,108.9536119370113424,3957631,36324,36324,-0.07281687038872370884,-2645,1577
122.224288623380368,6782348,99.727607295556638,5528001,55431,55491,-22.6427514525966293,-1254816,1663
269.8066070802663863,3079033,217.5672453094862353,2481572,11406,11412,-52.2417949846018478,-593728,1666
50.658169375534645,296097,339.3389402859545837,2017370,5945,5845,,,1670
211.25,845,211.25,845,4,4,0,0,1689
46.6560606060606061,92379,51.3043256997455471,100813,1965,1980,,,1723
155.7098818842183633,7738314,155.7087148117592611,7738256,49697,49697,-0.00116707245910215908,-58,1724
167.1443149626577389,5192171,133.6407647837741821,4137919,30963,31064,-33.8588516746411483,-1047322,1730
128.0524600183355404,6285455,112.0539330848995463,5532775,49376,49085,-34.9322156165269521,-1404310,1744
-31.6184971098265896,-5470,-1173.5531914893617021,-55157,47,173,0,0,1753
139.6010634624680616,2021563,96.2937391905914908,1391926,14455,14481,-43.0216954321757815,-620674,1761
171.8002056454574387,7017523,151.2360666239590006,6138067,40586,40847,-21.4476098860441024,-869529,1767
200.1698414104722247,2259317,150.7702222222222222,1696165,11250,11287,-49.8301601423487544,-560091,1768
175.7140637140637141,226144,133.270397842211733,197640,1483,1287,,,1839
115.5858638743455497,1103845,111.6992765020446681,1065276,9537,9550,-3.9917051658966821,-38017,1841
119.316762621789194,1077669,90.4722069345074298,821940,9085,9032,-27.2930880713489409,-244819,1842
177.1885916016350799,1907258,74.3372093023255814,799125,10750,10764,-102.8560662448827689,-1105497,1843
143.3040559440559441,5123120,125.125465803704015,4465853,35691,35750,-18.2810109557566757,-652431,1912
145.9940387788778878,7077791,114.3558744579805905,5538255,48430,48480,-31.6788672464007601,-1533669,1973
226.5388426827110246,2560342,181.4453444899412498,2038357,11234,11302,-46.1666221391041054,-518405,1979
99.9859638493385843,990161,100.0796728264162375,991089,9903,9903,-0.06888193111806888193,-682,1982
116.2729359260439911,1823741,73.7293016096966588,1149661,15593,15685,-42.9503596198304649,-668823,2011
199.464622641509434,84573,208.8497652582159624,88970,426,424,0,0,2027
470.0666666666666667,7051,411.3846153846153846,5348,13,15,,,2048
15.3441734417344173,5662,-86.8590785907859079,-32051,369,369,,,2061
163.7151566009329417,13266494,160.874451869510975,13023913,80957,81034,-2.970467211190332,-240391,2089
