departure_delay,arrival_delay,route,station
107,107,IC 01,8
312,312,IC 01,10
192,186,IC 01,27
164,157,IC 01,31
324,324,IC 01,93
167,167,IC 01,127
149,149,IC 01,136
266,266,IC 01,155
370,370,IC 01,171
161,140,IC 01,210
299,230,IC 01,215
258,258,IC 01,216
238,238,IC 01,217
261,212,IC 01,220
264,239,IC 01,221
175,175,IC 01,266
176,176,IC 01,267
337,334,IC 01,317
374,371,IC 01,320
211,211,IC 01,325
203,203,IC 01,331
128,128,IC 01,335
174,174,IC 01,368
49,262,IC 01,382
341,341,IC 01,384
366,366,IC 01,399
183,183,IC 01,421
177,191,IC 01,455
136,136,IC 01,518
227,227,IC 01,521
212,212,IC 01,553
215,215,IC 01,648
108,108,IC 01,682
374,329,IC 01,684
225,203,IC 01,715
284,283,IC 01,724
208,205,IC 01,726
137,137,IC 01,797
370,370,IC 01,842
351,351,IC 01,900
185,185,IC 01,901
222,222,IC 01,916
179,179,IC 01,925
88,240,IC 01,929
126,126,IC 01,931
187,187,IC 01,956
361,361,IC 01,991
220,220,IC 01,1048
325,325,IC 01,1145
360,298,IC 01,1146
325,325,IC 01,1152
177,177,IC 01,1159
195,195,IC 01,1174
346,345,IC 01,1176
244,190,IC 01,1177
210,210,IC 01,1180
352,352,IC 01,1202
389,339,IC 01,1213
202,190,IC 01,1226
196,196,IC 01,1260
324,324,IC 01,1261
164,164,IC 01,2089
151,150,IC 02,8
156,193,IC 02,37
212,180,IC 02,64
178,178,IC 02,127
170,164,IC 02,130
176,176,IC 02,136
156,154,IC 02,138
184,174,IC 02,139
210,167,IC 02,151
157,151,IC 02,210
174,174,IC 02,335
202,201,IC 02,447
232,190,IC 02,449
234,240,IC 02,455
186,186,IC 02,518
173,173,IC 02,682
209,167,IC 02,748
156,157,IC 02,749
178,178,IC 02,797
184,184,IC 02,819
165,165,IC 02,906
95,208,IC 02,929
151,151,IC 02,931
178,178,IC 02,1073
181,162,IC 02,1088
165,165,IC 02,1089
160,160,IC 02,1278
209,209,IC 02,1724
214,158,IC 03,8
172,172,IC 03,9
264,232,IC 03,19
252,252,IC 03,117
208,208,IC 03,127
203,203,IC 03,136
62,280,IC 03,166
256,203,IC 03,184
187,203,IC 03,210
164,164,IC 03,212
274,214,IC 03,215
231,231,IC 03,216
217,217,IC 03,217
238,205,IC 03,220
239,216,IC 03,221
250,250,IC 03,325
207,207,IC 03,326
144,144,IC 03,335
195,195,IC 03,368
223,222,IC 03,384
188,170,IC 03,455
182,182,IC 03,518
228,228,IC 03,521
252,256,IC 03,523
249,250,IC 03,553
234,239,IC 03,636
232,231,IC 03,648
147,147,IC 03,682
259,242,IC 03,684
143,143,IC 03,686
234,222,IC 03,715
205,205,IC 03,797
214,214,IC 03,900
246,245,IC 03,916
171,171,IC 03,931
213,213,IC 03,1048
241,241,IC 03,1061
277,230,IC 03,1090
182,182,IC 03,1134
242,175,IC 03,1146
248,248,IC 03,1174
223,223,IC 03,1176
175,175,IC 03,1238
249,249,IC 03,1260
179,179,IC 03,1270
51,347,IC 03,1670
172,172,IC 03,2089
101,122,IC 04-1,37
96,93,IC 04-1,64
165,165,IC 04-1,93
137,137,IC 04-1,130
129,129,IC 04-1,138
128,127,IC 04-1,139
113,112,IC 04-1,151
188,160,IC 04-1,160
204,172,IC 04-1,278
157,153,IC 04-1,317
170,167,IC 04-1,320
160,160,IC 04-1,447
214,192,IC 04-1,449
210,192,IC 04-1,455
183,181,IC 04-1,520
175,161,IC 04-1,602
174,199,IC 04-1,649
182,143,IC 04-1,748
127,127,IC 04-1,749
122,122,IC 04-1,819
182,163,IC 04-1,820
114,114,IC 04-1,906
99,188,IC 04-1,973
150,150,IC 04-1,1073
146,131,IC 04-1,1088
119,119,IC 04-1,1089
197,157,IC 04-1,1212
201,169,IC 04-1,1229
218,175,IC 04-1,1235
119,118,IC 04-1,1278
166,166,IC 04-1,1724
186,165,IC 05,37
109,112,IC 05,58
264,205,IC 05,139
231,211,IC 05,203
217,160,IC 05,215
189,189,IC 05,216
177,177,IC 05,217
187,178,IC 05,220
175,173,IC 05,221
147,147,IC 05,229
147,227,IC 05,259
218,218,IC 05,286
173,173,IC 05,316
203,203,IC 05,336
150,150,IC 05,363
125,125,IC 05,414
175,175,IC 05,578
206,206,IC 05,590
201,201,IC 05,644
45,213,IC 05,675
215,215,IC 05,738
156,156,IC 05,742
104,104,IC 05,764
215,170,IC 05,768
212,161,IC 05,791
224,202,IC 05,810
209,209,IC 05,811
221,221,IC 05,864
199,197,IC 05,866
239,179,IC 05,911
234,234,IC 05,919
216,216,IC 05,1018
138,140,IC 05,1048
183,183,IC 05,1079
205,204,IC 05,1083
130,130,IC 05,1167
152,152,IC 05,1168
147,146,IC 05,1192
197,197,IC 05,1218
153,153,IC 05,1224
158,128,IC 06-1,77
219,163,IC 06-1,121
178,134,IC 06-1,215
137,137,IC 06-1,216
127,127,IC 06-1,217
110,142,IC 06-1,219
154,131,IC 06-1,220
107,121,IC 06-1,221
132,132,IC 06-1,232
103,75,IC 06-1,325
187,152,IC 06-1,360
100,100,IC 06-1,415
199,152,IC 06-1,504
64,64,IC 06-1,521
107,107,IC 06-1,533
166,128,IC 06-1,719
120,120,IC 06-1,759
132,132,IC 06-1,1021
43,43,IC 06-1,1048
85,165,IC 06-1,1154
100,73,IC 06-1,1260
160,149,IC 06-2,205
180,138,IC 06-2,215
146,146,IC 06-2,216
142,142,IC 06-2,217
85,132,IC 06-2,219
168,136,IC 06-2,220
139,143,IC 06-2,221
141,141,IC 06-2,232
114,114,IC 06-2,364
170,170,IC 06-2,415
144,144,IC 06-2,462
131,131,IC 06-2,504
118,118,IC 06-2,550
108,108,IC 06-2,551
162,142,IC 06-2,628
122,122,IC 06-2,706
156,156,IC 06-2,759
132,132,IC 06-2,805
94,197,IC 06-2,848
122,122,IC 06-2,885
123,123,IC 06-2,902
168,168,IC 06-2,1021
89,91,IC 06-2,1048
155,141,IC 06-2,1092
111,111,IC 06-2,1160
257,221,IC 07,37
207,207,IC 07,58
283,223,IC 07,139
231,204,IC 07,203
235,178,IC 07,215
212,212,IC 07,216
192,192,IC 07,217
207,210,IC 07,220
190,200,IC 07,221
155,155,IC 07,229
151,206,IC 07,259
209,209,IC 07,286
197,197,IC 07,316
224,224,IC 07,336
186,136,IC 07,352
164,164,IC 07,363
85,218,IC 07,376
163,163,IC 07,414
160,138,IC 07,539
200,200,IC 07,578
225,225,IC 07,590
158,117,IC 07,630
207,128,IC 07,632
125,125,IC 07,637
220,220,IC 07,644
214,214,IC 07,738
191,191,IC 07,742
234,205,IC 07,764
217,168,IC 07,768
204,152,IC 07,791
260,234,IC 07,810
224,224,IC 07,811
237,237,IC 07,864
222,219,IC 07,866
234,176,IC 07,911
222,222,IC 07,919
202,202,IC 07,1018
154,154,IC 07,1048
216,216,IC 07,1079
226,226,IC 07,1083
142,142,IC 07,1084
168,168,IC 07,1167
189,189,IC 07,1168
160,159,IC 07,1192
203,203,IC 07,1218
168,168,IC 07,1224
159,159,IC 07,1244
112,128,IC 07,1419
162,146,IC 08,9
100,100,IC 08,33
115,218,IC 08,37
158,158,IC 08,117
182,146,IC 08,139
140,98,IC 08,219
179,138,IC 08,326
146,146,IC 08,336
92,92,IC 08,368
145,219,IC 08,523
126,126,IC 08,553
151,151,IC 08,590
127,128,IC 08,644
121,121,IC 08,648
143,115,IC 08,686
156,206,IC 08,715
171,145,IC 08,810
189,189,IC 08,811
147,147,IC 08,864
149,149,IC 08,866
144,144,IC 08,916
145,144,IC 08,1061
153,153,IC 08,1083
139,130,IC 08,1134
133,133,IC 08,1174
161,155,IC 08,1238
140,130,IC 08,1270
110,121,IC 09,9
77,156,IC 09,37
86,86,IC 09,117
91,91,IC 09,132
129,104,IC 09,139
87,87,IC 09,142
112,91,IC 09,157
106,106,IC 09,177
68,68,IC 09,187
97,97,IC 09,233
99,79,IC 09,324
86,55,IC 09,326
141,141,IC 09,470
99,92,IC 09,523
102,95,IC 09,541
133,107,IC 09,562
65,65,IC 09,686
92,195,IC 09,715
40,255,IC 09,726
146,137,IC 09,728
151,140,IC 09,730
116,122,IC 09,732
127,105,IC 09,733
75,75,IC 09,814
135,117,IC 09,835
106,106,IC 09,863
60,60,IC 09,1061
70,70,IC 09,1134
90,80,IC 09,1151
141,77,IC 09,1238
76,75,IC 09,1270
139,209,IC 10,37
194,198,IC 10,108
187,179,IC 10,139
155,152,IC 10,177
176,174,IC 10,199
240,215,IC 10,436
237,188,IC 10,554
171,169,IC 10,635
198,192,IC 10,732
263,218,IC 10,750
243,199,IC 10,840
137,135,IC 10,863
224,189,IC 10,899
173,171,IC 10,907
239,177,IC 10,924
187,185,IC 10,1232
48,285,IC 10,1368
270,218,IC 10,1666
49,147,IC 11,158
226,226,IC 11,199
145,112,IC 11,205
209,176,IC 11,215
177,177,IC 11,216
167,167,IC 11,217
184,172,IC 11,220
182,180,IC 11,221
202,202,IC 11,229
143,143,IC 11,232
223,223,IC 11,336
156,130,IC 11,342
179,179,IC 11,363
107,106,IC 11,391
139,139,IC 11,415
178,132,IC 11,504
130,130,IC 11,550
130,130,IC 11,551
252,199,IC 11,554
228,228,IC 11,635
167,168,IC 11,673
127,127,IC 11,674
118,118,IC 11,706
123,60,IC 11,720
272,280,IC 11,732
144,144,IC 11,759
121,121,IC 11,790
245,232,IC 11,810
242,242,IC 11,811
223,223,IC 11,907
166,166,IC 11,1021
174,179,IC 11,1048
252,252,IC 11,1083
230,209,IC 11,1144
185,132,IC 11,1160
92,360,IC 11,1161
225,183,IC 11,1192
185,185,IC 11,1224
248,248,IC 11,1232
125,131,IC 11,1744
195,156,IC 12,27
202,136,IC 12,31
171,171,IC 12,93
213,167,IC 12,215
170,171,IC 12,216
174,174,IC 12,217
190,135,IC 12,220
176,164,IC 12,221
152,152,IC 12,266
141,141,IC 12,267
203,143,IC 12,317
182,150,IC 12,320
144,144,IC 12,325
169,161,IC 12,331
104,104,IC 12,368
159,159,IC 12,421
166,194,IC 12,455
188,159,IC 12,520
154,154,IC 12,521
148,148,IC 12,553
140,140,IC 12,648
102,264,IC 12,649
161,153,IC 12,715
209,174,IC 12,726
164,164,IC 12,901
129,129,IC 12,916
157,157,IC 12,925
206,168,IC 12,956
132,132,IC 12,1048
160,160,IC 12,1159
119,119,IC 12,1174
171,161,IC 12,1177
158,158,IC 12,1180
167,131,IC 12,1212
76,267,IC 12,1226
123,123,IC 12,1260
146,146,IC 12,2089
119,118,IC 13,66
182,140,IC 13,215
132,132,IC 13,216
135,135,IC 13,217
171,138,IC 13,220
131,129,IC 13,221
166,127,IC 13,235
158,157,IC 13,318
127,126,IC 13,345
145,145,IC 13,494
147,147,IC 13,563
128,128,IC 13,568
95,214,IC 13,649
126,126,IC 13,725
153,153,IC 13,873
144,173,IC 13,939
67,70,IC 13,1048
151,151,IC 13,1076
-93,-207,IC 13,1120
142,142,IC 13,1130
121,120,IC 13,1184
128,128,IC 13,1228
168,164,IC 13,1274
134,134,IC 13,2089
240,209,IC 14,31
189,189,IC 14,155
210,211,IC 14,171
252,197,IC 14,195
252,252,IC 14,205
336,292,IC 14,215
291,291,IC 14,216
285,285,IC 14,217
307,288,IC 14,220
292,272,IC 14,221
223,223,IC 14,232
272,272,IC 14,325
187,187,IC 14,364
228,228,IC 14,368
230,230,IC 14,384
190,190,IC 14,399
222,222,IC 14,415
215,215,IC 14,462
256,146,IC 14,501
287,239,IC 14,504
261,261,IC 14,521
204,204,IC 14,550
234,234,IC 14,551
270,270,IC 14,553
262,251,IC 14,615
246,199,IC 14,628
283,282,IC 14,648
283,234,IC 14,684
221,221,IC 14,706
266,252,IC 14,715
122,486,IC 14,726
222,222,IC 14,759
228,227,IC 14,805
211,211,IC 14,842
240,207,IC 14,848
227,227,IC 14,885
237,237,IC 14,900
202,201,IC 14,902
264,264,IC 14,916
277,215,IC 14,979
105,316,IC 14,984
173,173,IC 14,991
196,196,IC 14,1021
159,270,IC 14,1034
261,260,IC 14,1048
246,223,IC 14,1092
190,144,IC 14,1141
230,205,IC 14,1146
225,225,IC 14,1160
254,254,IC 14,1174
231,231,IC 14,1176
175,175,IC 14,1202
256,213,IC 14,1213
260,260,IC 14,1260
95,197,IC 15,37
161,161,IC 15,117
177,177,IC 15,132
149,138,IC 15,139
141,141,IC 15,142
107,107,IC 15,177
149,149,IC 15,187
194,167,IC 15,326
88,273,IC 15,523
196,166,IC 15,541
136,136,IC 15,686
142,114,IC 15,732
169,169,IC 15,814
109,110,IC 15,863
145,145,IC 15,1061
144,143,IC 15,1134
165,165,IC 15,1270
137,137,IC 17,148
145,145,IC 17,167
149,147,IC 17,183
144,109,IC 17,191
136,119,IC 17,215
89,89,IC 17,216
96,96,IC 17,217
147,135,IC 17,218
150,123,IC 17,219
73,75,IC 17,220
86,94,IC 17,221
153,150,IC 17,227
158,158,IC 17,236
145,145,IC 17,261
85,85,IC 17,325
57,111,IC 17,329
152,152,IC 17,366
141,117,IC 17,380
150,150,IC 17,383
133,128,IC 17,438
92,90,IC 17,457
110,58,IC 17,472
109,105,IC 17,486
130,126,IC 17,572
99,94,IC 17,611
95,95,IC 17,672
145,145,IC 17,754
112,97,IC 17,767
116,116,IC 17,812
172,171,IC 17,855
107,62,IC 17,895
71,71,IC 17,913
169,153,IC 17,936
97,93,IC 17,975
153,153,IC 17,995
94,92,IC 17,997
156,156,IC 17,1031
117,117,IC 17,1055
132,129,IC 17,1219
92,45,IC 17,1255
90,90,IC 17,1260
125,125,IC 17,1663
156,156,IC 17,1973
149,149,IC 18,22
168,168,IC 18,24
183,162,IC 18,25
169,169,IC 18,118
184,184,IC 18,148
171,171,IC 18,167
123,123,IC 18,183
242,205,IC 18,215
200,200,IC 18,216
191,191,IC 18,217
223,142,IC 18,218
189,250,IC 18,220
228,178,IC 18,221
263,216,IC 18,227
174,174,IC 18,236
179,179,IC 18,261
148,148,IC 18,262
164,164,IC 18,269
149,149,IC 18,361
198,198,IC 18,366
85,85,IC 18,380
171,171,IC 18,401
187,150,IC 18,402
196,139,IC 18,438
138,138,IC 18,457
143,143,IC 18,486
157,157,IC 18,530
158,158,IC 18,557
74,73,IC 18,562
140,140,IC 18,572
194,153,IC 18,592
175,175,IC 18,614
161,161,IC 18,619
134,134,IC 18,672
152,152,IC 18,705
204,187,IC 18,726
193,165,IC 18,728
167,129,IC 18,730
-35,-34,IC 18,733
-5,-2,IC 18,734
161,161,IC 18,754
167,167,IC 18,789
44,44,IC 18,835
182,182,IC 18,855
163,163,IC 18,894
177,110,IC 18,895
133,134,IC 18,913
239,201,IC 18,936
167,166,IC 18,971
153,153,IC 18,975
170,170,IC 18,995
147,147,IC 18,997
183,183,IC 18,1031
162,162,IC 18,1062
165,165,IC 18,1063
196,162,IC 18,1102
153,153,IC 18,1148
117,117,IC 18,1219
110,110,IC 19-1,16
154,154,IC 19-1,35
65,65,IC 19-1,82
143,144,IC 19-1,169
196,196,IC 19-1,201
154,154,IC 19-1,246
165,165,IC 19-1,250
177,184,IC 19-1,259
111,112,IC 19-1,263
125,125,IC 19-1,281
80,80,IC 19-1,308
111,111,IC 19-1,392
78,78,IC 19-1,400
90,89,IC 19-1,406
167,167,IC 19-1,413
95,95,IC 19-1,424
265,186,IC 19-1,427
87,87,IC 19-1,515
149,149,IC 19-1,519
186,186,IC 19-1,535
241,153,IC 19-1,560
198,198,IC 19-1,615
82,82,IC 19-1,620
142,142,IC 19-1,700
194,194,IC 19-1,791
158,158,IC 19-1,807
238,168,IC 19-1,848
165,165,IC 19-1,862
192,224,IC 19-1,868
55,55,IC 19-1,870
73,87,IC 19-1,895
226,226,IC 19-1,908
191,190,IC 19-1,920
189,188,IC 19-1,921
146,146,IC 19-1,958
161,161,IC 19-1,962
209,209,IC 19-1,979
70,70,IC 19-1,1009
215,164,IC 19-1,1034
130,88,IC 19-1,1125
190,190,IC 19-1,1136
192,183,IC 19-1,1154
142,142,IC 19-1,1187
83,83,IC 19-1,1577
258,193,IC 19-1,1744
147,163,IC 20,6
184,154,IC 20,9
18,18,IC 20,74
126,126,IC 20,117
133,101,IC 20,157
221,190,IC 20,215
189,189,IC 20,216
186,186,IC 20,217
200,172,IC 20,220
188,183,IC 20,221
111,111,IC 20,233
172,182,IC 20,318
40,59,IC 20,319
113,98,IC 20,324
205,205,IC 20,325
182,127,IC 20,326
161,158,IC 20,365
177,177,IC 20,368
111,196,IC 20,455
207,207,IC 20,521
104,208,IC 20,523
77,77,IC 20,542
206,206,IC 20,553
66,69,IC 20,621
206,206,IC 20,648
142,142,IC 20,654
161,161,IC 20,686
51,51,IC 20,699
164,140,IC 20,701
183,161,IC 20,725
43,42,IC 20,748
165,136,IC 20,815
46,46,IC 20,821
179,158,IC 20,822
49,49,IC 20,841
207,207,IC 20,916
46,46,IC 20,933
212,212,IC 20,1048
132,132,IC 20,1058
116,116,IC 20,1061
153,151,IC 20,1068
174,174,IC 20,1134
102,185,IC 20,1151
180,180,IC 20,1174
155,131,IC 20,1234
141,141,IC 20,1238
203,203,IC 20,1260
60,28,IC 20,1265
51,51,IC 20,1266
141,141,IC 20,1270
45,45,IC 20,1730
58,57,IC 20,1767
163,163,IC 20,2089
59,113,IC 21,319
112,122,IC 22,37
146,113,IC 22,139
125,101,IC 22,215
89,89,IC 22,216
97,97,IC 22,217
65,100,IC 22,220
88,89,IC 22,221
79,79,IC 22,229
129,128,IC 22,336
72,72,IC 22,363
117,117,IC 22,590
107,107,IC 22,644
127,125,IC 22,810
153,126,IC 22,811
119,119,IC 22,864
139,113,IC 22,866
59,60,IC 22,1048
131,130,IC 22,1083
98,80,IC 22,1192
58,58,IC 22,1224
136,136,IC 23-1,66
123,150,IC 23-1,210
184,145,IC 23-1,215
133,133,IC 23-1,216
146,146,IC 23-1,217
77,167,IC 23-1,219
173,148,IC 23-1,220
124,129,IC 23-1,221
62,62,IC 23-1,235
137,137,IC 23-1,283
137,104,IC 23-1,318
107,107,IC 23-1,325
65,65,IC 23-1,345
96,96,IC 23-1,494
114,114,IC 23-1,521
83,83,IC 23-1,563
106,106,IC 23-1,568
156,117,IC 23-1,604
164,125,IC 23-1,606
141,163,IC 23-1,649
159,143,IC 23-1,724
123,123,IC 23-1,725
161,153,IC 23-1,873
76,192,IC 23-1,929
123,182,IC 23-1,939
163,121,IC 23-1,1005
91,91,IC 23-1,1048
157,157,IC 23-1,1076
77,77,IC 23-1,1130
160,123,IC 23-1,1152
140,140,IC 23-1,1184
80,80,IC 23-1,1228
114,114,IC 23-1,1260
158,134,IC 23-1,1261
157,155,IC 23-1,1274
169,169,IC 23-1,2089
144,95,IC 23-2,8
127,127,IC 23-2,127
126,126,IC 23-2,136
131,112,IC 23-2,210
88,88,IC 23-2,212
152,107,IC 23-2,215
106,106,IC 23-2,216
114,114,IC 23-2,217
52,139,IC 23-2,219
126,138,IC 23-2,220
104,102,IC 23-2,221
97,97,IC 23-2,335
130,52,IC 23-2,337
127,109,IC 23-2,455
133,134,IC 23-2,518
122,55,IC 23-2,540
102,133,IC 23-2,642
88,88,IC 23-2,682
121,121,IC 23-2,797
96,96,IC 23-2,931
67,66,IC 23-2,1048
116,116,IC 25,16
197,197,IC 25,22
198,198,IC 25,24
200,182,IC 25,25
144,106,IC 25,35
110,82,IC 25,82
190,190,IC 25,118
130,98,IC 25,169
69,69,IC 25,201
125,125,IC 25,246
66,66,IC 25,250
136,124,IC 25,259
170,170,IC 25,262
143,131,IC 25,263
171,171,IC 25,269
120,120,IC 25,281
123,123,IC 25,308
195,195,IC 25,361
129,129,IC 25,392
133,133,IC 25,400
210,204,IC 25,401
215,198,IC 25,402
138,138,IC 25,406
98,98,IC 25,413
139,139,IC 25,424
83,82,IC 25,427
123,123,IC 25,515
90,90,IC 25,519
200,200,IC 25,530
63,63,IC 25,535
202,203,IC 25,557
127,42,IC 25,560
121,158,IC 25,562
209,179,IC 25,592
187,187,IC 25,614
175,162,IC 25,615
209,202,IC 25,619
141,123,IC 25,620
121,121,IC 25,700
199,198,IC 25,705
195,197,IC 25,726
181,157,IC 25,728
167,161,IC 25,730
46,10,IC 25,733
-25,-65,IC 25,734
171,171,IC 25,789
127,86,IC 25,791
131,131,IC 25,807
120,106,IC 25,835
109,75,IC 25,848
94,94,IC 25,862
63,174,IC 25,868
101,101,IC 25,870
184,184,IC 25,894
159,132,IC 25,895
75,75,IC 25,908
148,148,IC 25,913
59,59,IC 25,920
64,64,IC 25,921
179,65,IC 25,958
62,62,IC 25,962
208,201,IC 25,971
186,108,IC 25,979
139,139,IC 25,1009
148,99,IC 25,1034
166,166,IC 25,1062
210,204,IC 25,1063
191,184,IC 25,1102
148,93,IC 25,1125
68,68,IC 25,1136
202,202,IC 25,1148
124,114,IC 25,1154
105,105,IC 25,1187
118,118,IC 25,1577
113,82,IC 25,1744
220,221,IC 26,74
180,173,IC 26,77
256,187,IC 26,121
260,199,IC 26,138
286,250,IC 26,215
254,254,IC 26,216
247,247,IC 26,217
257,239,IC 26,220
245,260,IC 26,221
226,226,IC 26,232
232,265,IC 26,319
235,199,IC 26,360
275,275,IC 26,415
184,149,IC 26,427
255,225,IC 26,504
176,176,IC 26,533
226,224,IC 26,542
197,158,IC 26,560
229,225,IC 26,621
116,198,IC 26,649
148,148,IC 26,698
221,220,IC 26,699
212,163,IC 26,719
248,219,IC 26,748
200,200,IC 26,749
221,221,IC 26,759
203,203,IC 26,821
213,212,IC 26,841
183,141,IC 26,868
196,193,IC 26,933
227,227,IC 26,1021
259,198,IC 26,1073
97,372,IC 26,1088
173,171,IC 26,1154
266,208,IC 26,1265
218,216,IC 26,1266
241,240,IC 26,1730
210,208,IC 26,1767
180,180,IC 28,10
46,237,IC 28,13
105,273,IC 28,37
215,188,IC 28,64
190,189,IC 28,93
131,130,IC 28,130
129,129,IC 28,138
199,190,IC 28,139
145,147,IC 28,151
219,184,IC 28,317
241,200,IC 28,320
156,140,IC 28,327
158,158,IC 28,447
217,187,IC 28,449
212,226,IC 28,455
177,111,IC 28,643
165,130,IC 28,647
178,181,IC 28,724
165,160,IC 28,748
123,123,IC 28,749
165,165,IC 28,819
143,143,IC 28,906
147,147,IC 28,1073
169,154,IC 28,1088
149,149,IC 28,1089
192,167,IC 28,1145
160,145,IC 28,1181
167,166,IC 28,1278
170,170,IC 28,1724
195,201,IC 29,6
134,134,IC 29,10
52,162,IC 29,13
132,132,IC 29,33
127,125,IC 29,93
257,227,IC 29,215
192,192,IC 29,216
200,200,IC 29,217
187,199,IC 29,219
198,186,IC 29,220
186,199,IC 29,221
166,120,IC 29,317
189,195,IC 29,318
167,128,IC 29,320
107,87,IC 29,327
201,161,IC 29,365
140,140,IC 29,368
254,66,IC 29,384
126,235,IC 29,455
186,186,IC 29,553
146,73,IC 29,643
115,79,IC 29,647
178,178,IC 29,648
189,189,IC 29,654
186,233,IC 29,684
205,185,IC 29,701
191,175,IC 29,715
127,116,IC 29,724
191,168,IC 29,725
194,192,IC 29,815
198,195,IC 29,822
171,170,IC 29,900
186,186,IC 29,916
174,174,IC 29,1048
197,183,IC 29,1058
223,167,IC 29,1068
149,120,IC 29,1145
170,114,IC 29,1146
179,178,IC 29,1174
221,140,IC 29,1176
117,104,IC 29,1181
204,181,IC 29,1234
178,178,IC 29,2089
75,187,IC 30,37
141,106,IC 30,139
120,119,IC 30,177
107,91,IC 30,199
111,129,IC 30,554
102,98,IC 30,635
149,112,IC 30,732
95,94,IC 30,863
102,97,IC 30,907
125,88,IC 30,1144
54,150,IC 30,1161
116,116,IC 30,1232
140,149,IC 31,37
156,117,IC 31,139
159,142,IC 31,203
136,90,IC 31,215
109,109,IC 31,216
94,94,IC 31,217
103,99,IC 31,220
117,104,IC 31,221
86,86,IC 31,229
78,103,IC 31,259
128,128,IC 31,286
109,109,IC 31,316
115,114,IC 31,336
75,75,IC 31,363
75,75,IC 31,414
112,112,IC 31,578
137,136,IC 31,590
111,115,IC 31,644
148,148,IC 31,738
84,84,IC 31,742
126,63,IC 31,768
129,79,IC 31,791
150,131,IC 31,810
174,134,IC 31,811
130,130,IC 31,864
157,103,IC 31,866
151,99,IC 31,911
155,155,IC 31,919
122,121,IC 31,1018
86,86,IC 31,1048
113,113,IC 31,1079
119,118,IC 31,1083
81,81,IC 31,1167
79,79,IC 31,1168
113,77,IC 31,1192
102,102,IC 31,1218
77,77,IC 31,1224
71,122,IC 32,210
99,99,IC 32,283
113,102,IC 32,604
120,100,IC 32,606
102,122,IC 32,649
112,96,IC 32,724
71,137,IC 32,929
110,93,IC 32,1005
112,91,IC 32,1152
121,88,IC 32,1261
171,117,L 01,22
168,119,L 01,24
135,121,L 01,25
157,98,L 01,118
160,132,L 01,262
114,114,L 01,269
155,88,L 01,361
154,95,L 01,401
147,126,L 01,402
158,97,L 01,530
122,122,L 01,557
121,115,L 01,592
114,114,L 01,614
160,102,L 01,619
150,97,L 01,705
113,145,L 01,726
145,85,L 01,789
170,134,L 01,894
108,143,L 01,895
110,110,L 01,913
155,95,L 01,971
166,111,L 01,1062
150,106,L 01,1063
131,109,L 01,1102
129,129,L 01,1148
136,110,L 02,8
163,109,L 02,102
157,108,L 02,127
139,91,L 02,136
91,85,L 02,210
124,74,L 02,212
212,163,L 02,231
155,150,L 02,319
145,80,L 02,335
121,133,L 02,455
139,86,L 02,518
179,129,L 02,634
150,94,L 02,654
140,119,L 02,682
106,56,L 02,743
115,165,L 02,751
211,163,L 02,781
150,107,L 02,797
70,228,L 02,810
133,111,L 02,815
134,109,L 02,822
138,101,L 02,931
167,119,L 02,938
138,144,L 02,1058
194,141,L 02,1060
145,137,L 02,1234
194,147,L 02,1253
71,134,L 02,1262
81,81,L 02,1263
47,51,L 02,1723
156,133,L 03,9
152,152,L 03,117
155,153,L 03,326
86,172,L 03,523
241,126,L 03,686
118,167,L 03,715
125,127,L 03,1061
197,130,L 03,1134
153,116,L 03,1238
207,170,L 03,1270
129,88,L 04,35
134,100,L 04,169
132,56,L 04,195
99,98,L 04,246
130,55,L 04,422
121,60,L 04,427
139,60,L 04,446
132,51,L 04,501
101,100,L 04,519
126,46,L 04,560
148,137,L 04,615
99,99,L 04,807
169,52,L 04,848
100,73,L 04,868
167,55,L 04,958
164,98,L 04,979
55,132,L 04,982
60,112,L 04,984
138,97,L 04,1034
98,51,L 04,1141
94,107,L 04,1154
98,97,L 04,1187
165,127,L 08,148
158,110,L 08,167
141,141,L 08,236
134,78,L 08,261
130,153,L 08,366
172,83,L 08,438
171,107,L 08,754
139,128,L 08,855
93,108,L 08,895
89,176,L 08,936
114,74,L 08,995
176,125,L 08,1031
92,6,L 10-1,100
56,56,L 10-1,196
124,51,L 10-1,257
65,2,L 10-1,272
104,13,L 10-1,532
45,39,L 10-1,617
123,65,L 10-1,704
42,-25,L 10-1,801
174,117,L 10-2,418
173,107,L 10-2,489
117,117,L 10-2,528
151,148,L 10-2,617
70,136,L 10-2,723
132,142,L 10-2,801
175,92,L 10-2,968
172,183,L 11,34
167,119,L 11,126
83,144,L 11,146
152,104,L 11,249
151,87,L 11,329
138,138,L 11,333
161,144,L 11,435
135,79,L 11,442
121,70,L 11,472
113,92,L 11,480
154,126,L 11,589
96,95,L 11,611
68,88,L 11,723
117,70,L 11,767
109,68,L 11,895
75,75,L 11,913
137,90,L 11,951
114,46,L 11,1255
63,64,L 13-1,70
87,39,L 13-1,496
76,103,L 13-1,723
83,34,L 13-1,752
65,63,L 13-1,786
94,37,L 13-1,1107
98,52,L 13-1,1198
84,133,L 13-2,70
117,145,L 13-2,78
100,81,L 13-2,146
142,116,L 13-2,409
146,79,L 13-2,502
98,125,L 13-2,723
87,74,L 13-2,1194
116,112,L 13-2,1841
119,90,L 13-2,1842
213,200,L 15,27
201,151,L 15,114
179,164,L 15,185
262,206,L 15,277
225,183,L 15,375
260,257,L 15,510
158,145,L 15,562
232,191,L 15,579
37,294,L 15,617
188,216,L 15,726
170,147,L 15,728
182,192,L 15,730
112,29,L 15,733
-10,36,L 15,734
181,147,L 15,788
136,166,L 15,801
185,117,L 15,818
230,183,L 15,827
131,126,L 15,835
222,181,L 15,974
206,197,L 15,996
258,199,L 15,1113
228,181,L 15,1147
190,191,L 15,1246
111,60,L 16,75
89,124,L 16,272
110,60,L 16,287
118,54,L 16,313
99,99,L 16,405
132,66,L 16,610
86,158,L 16,895
114,86,L 16,896
112,52,L 16,897
110,110,L 16,913
112,84,L 16,1043
100,100,L 16,1982
76,78,L 19,205
77,81,L 19,342
116,62,L 19,391
85,78,L 19,673
79,79,L 19,674
108,52,L 19,790
47,100,L 19,1744
145,137,L 23,9
79,196,L 23,37
175,126,L 23,132
140,132,L 23,139
166,98,L 23,142
161,132,L 23,177
178,110,L 23,187
161,136,L 23,541
90,183,L 23,715
159,150,L 23,732
167,100,L 23,814
167,124,L 23,863
135,123,L 23,1238
136,136,L 24,102
103,89,L 24,190
129,129,L 24,231
105,134,L 24,319
101,165,L 24,455
107,96,L 24,493
86,85,L 24,507
92,93,L 24,516
94,92,L 24,566
99,99,L 24,634
127,127,L 24,654
61,149,L 24,715
57,98,L 24,751
128,127,L 24,781
112,113,L 24,810
141,141,L 24,815
142,141,L 24,822
113,109,L 24,871
108,108,L 24,938
100,100,L 24,1058
123,120,L 24,1060
104,54,L 24,1230
142,120,L 24,1234
94,86,L 24,1242
127,126,L 24,1253
151,67,L 26,201
152,59,L 26,535
79,61,L 26,848
128,41,L 26,908
116,51,L 26,920
67,67,L 26,921
147,137,L 26,1136
79,107,L 26,1744
168,155,L 27,190
140,105,L 27,192
174,154,L 27,493
189,128,L 27,507
149,150,L 27,516
170,132,L 27,566
117,230,L 27,715
153,164,L 27,810
184,119,L 27,871
136,117,L 27,977
64,164,L 27,1088
139,99,L 27,1128
194,125,L 27,1230
190,129,L 27,1242
151,117,L 27,1245
104,104,L 28,93
55,55,L 28,102
113,57,L 28,231
106,67,L 28,317
62,75,L 28,319
90,71,L 28,320
89,78,L 28,455
89,57,L 28,520
87,36,L 28,634
36,139,L 28,649
118,66,L 28,654
19,71,L 28,751
113,62,L 28,781
58,81,L 28,810
74,76,L 28,815
105,102,L 28,822
77,77,L 28,938
90,93,L 28,1058
131,79,L 28,1060
84,69,L 28,1212
114,112,L 28,1234
158,100,L 28,1253
207,147,L 29,12
199,205,L 29,77
211,162,L 29,209
265,187,L 29,247
245,200,L 29,364
136,78,L 29,422
137,114,L 29,446
89,289,L 29,458
235,202,L 29,462
306,198,L 29,583
234,213,L 29,628
237,196,L 29,707
193,187,L 29,710
208,163,L 29,782
207,164,L 29,832
97,221,L 29,848
302,299,L 29,952
53,169,L 29,982
290,193,L 29,989
73,106,L 31,205
102,58,L 31,628
102,23,L 31,805
56,56,L 31,885
100,41,L 31,902
92,81,L 31,1092
147,89,L 36,66
90,162,L 36,649
170,119,L 36,873
103,113,L 36,939
170,116,L 36,1076
158,83,L 36,1184
88,164,L 36,1274
227,177,L 37-1,107
222,170,L 37-1,143
104,353,L 37-1,523
190,145,L 37-1,565
207,189,L 37-1,708
262,186,L 37-1,840
206,152,L 37-1,1231
169,169,L 37-1,1273
197,200,L 37-1,1348
195,178,L 37-1,1350
206,156,L 37-2,107
204,151,L 37-2,143
113,319,L 37-2,523
178,131,L 37-2,565
188,169,L 37-2,708
223,181,L 37-2,840
195,140,L 37-2,1231
157,158,L 37-2,1273
182,184,L 37-2,1348
186,167,L 37-2,1350
100,126,L A2,37
107,85,L A2,64
123,76,L A2,139
83,112,L A2,188
164,81,L A2,546
88,22,L A2,570
163,76,L A2,905
40,135,L A2,977
126,58,L A2,1017
163,161,L A2,1066
81,241,L A3,37
181,154,L A3,139
172,161,L A3,177
179,133,L A3,199
149,139,L A3,436
189,144,L A3,554
198,150,L A3,635
184,165,L A3,732
123,158,L A3,840
189,138,L A3,863
183,170,L A3,907
164,138,L A3,924
178,154,L A3,1232
95,120,L A4-1,37
148,129,L A4-1,64
124,126,L A4-1,139
169,101,L A4-1,151
165,114,L A4-1,819
127,118,L A4-1,906
102,158,L A4-1,1088
120,120,L A4-1,1089
167,114,L A4-1,1278
82,137,L A4-2,37
134,122,L A4-2,64
163,113,L A4-2,138
114,124,L A4-2,139
164,101,L A4-2,151
47,256,L A4-2,319
98,172,L A4-2,748
108,108,L A4-2,749
160,105,L A4-2,819
159,110,L A4-2,906
144,93,L A4-2,1073
133,135,L A4-2,1088
157,157,L A4-2,1089
180,135,L A4-2,1265
160,103,L A4-2,1278
113,201,L A5,37
136,110,L A5,764
176,133,L A5,1839
73,115,L B10-1,6
229,225,L B10-1,215
170,170,L B10-1,216
201,201,L B10-1,217
162,190,L B10-1,220
168,173,L B10-1,221
160,110,L B10-1,243
96,127,L B10-1,318
156,160,L B10-1,328
119,128,L B10-1,365
114,87,L B10-1,378
157,110,L B10-1,488
153,140,L B10-1,621
115,117,L B10-1,725
178,131,L B10-1,1087
118,178,L B10-1,1131
182,130,L B10-1,1767
204,208,L B10-2,74
228,145,L B10-2,220
173,173,L B10-2,223
97,244,L B10-2,319
200,154,L B10-2,542
197,184,L B10-2,621
205,153,L B10-2,699
193,194,L B10-2,821
222,178,L B10-2,841
177,186,L B10-2,933
205,154,L B10-2,1266
174,122,L B10-2,1730
196,144,L B10-2,1768
223,176,L B10-2,1979
86,163,L B1-1,37
164,164,L B1-1,125
131,111,L B1-1,139
230,209,L B1-1,203
189,176,L B1-1,215
189,153,L B1-1,216
193,158,L B1-1,217
149,165,L B1-1,220
148,155,L B1-1,221
176,129,L B1-1,229
208,202,L B1-1,316
155,127,L B1-1,336
170,110,L B1-1,363
196,137,L B1-1,414
196,188,L B1-1,578
148,113,L B1-1,590
145,133,L B1-1,644
209,159,L B1-1,738
185,123,L B1-1,742
161,172,L B1-1,810
168,133,L B1-1,811
151,97,L B1-1,863
145,97,L B1-1,864
154,91,L B1-1,866
164,104,L B1-1,877
113,139,L B1-1,911
154,143,L B1-1,1048
211,207,L B1-1,1079
160,132,L B1-1,1083
171,135,L B1-1,1167
178,172,L B1-1,1168
190,158,L B1-1,1192
210,209,L B1-1,1218
170,102,L B1-1,1224
136,163,L B1-2,37
163,163,L B1-2,125
164,139,L B1-2,139
229,196,L B1-2,203
196,182,L B1-2,215
188,161,L B1-2,216
171,171,L B1-2,217
154,167,L B1-2,220
161,178,L B1-2,221
145,144,L B1-2,229
243,204,L B1-2,316
142,118,L B1-2,336
183,118,L B1-2,363
189,147,L B1-2,414
230,184,L B1-2,578
143,111,L B1-2,590
134,119,L B1-2,644
202,154,L B1-2,738
195,172,L B1-2,742
145,174,L B1-2,810
154,112,L B1-2,811
158,106,L B1-2,863
157,96,L B1-2,877
94,187,L B1-2,911
169,157,L B1-2,1048
228,211,L B1-2,1079
142,100,L B1-2,1083
186,165,L B1-2,1167
197,150,L B1-2,1168
201,163,L B1-2,1192
217,206,L B1-2,1218
175,101,L B1-2,1224
31,31,L B19,33
81,81,L B19,125
136,123,L B19,189
112,93,L B19,191
159,142,L B19,203
65,113,L B19,218
66,133,L B19,219
84,65,L B19,227
105,117,L B19,259
150,96,L B19,286
146,146,L B19,316
205,204,L B19,325
13,10,L B19,368
105,105,L B19,380
92,92,L B19,383
35,35,L B19,553
134,134,L B19,578
39,37,L B19,648
72,11,L B19,715
165,120,L B19,738
135,72,L B19,742
145,118,L B19,768
132,105,L B19,791
62,62,L B19,812
149,58,L B19,824
163,137,L B19,911
63,63,L B19,916
206,157,L B19,919
144,138,L B19,1018
81,81,L B19,1055
156,122,L B19,1079
111,109,L B19,1081
32,32,L B19,1174
146,147,L B19,1218
158,159,L B19,1260
110,110,L B19,1663
127,127,L B19,1912
100,100,L B19,1973
102,55,L B20-1,68
101,49,L B20-1,120
130,76,L B20-1,153
102,54,L B20-1,410
98,55,L B20-1,433
110,60,L B20-1,567
63,76,L B20-1,715
126,83,L B20-1,739
72,127,L B20-1,936
85,85,L B20-1,937
111,92,L B20-1,941
101,46,L B20-1,954
93,96,L B20-1,1082
107,101,L B20-1,1223
100,54,L B20-2,68
99,46,L B20-2,120
125,72,L B20-2,153
101,53,L B20-2,410
97,53,L B20-2,433
112,80,L B20-2,567
51,124,L B20-2,715
121,75,L B20-2,739
71,127,L B20-2,936
89,89,L B20-2,937
113,95,L B20-2,941
102,48,L B20-2,954
94,99,L B20-2,1082
103,100,L B20-2,1223
110,110,L B2-1,33
119,188,L B2-1,205
188,176,L B2-1,215
122,122,L B2-1,216
167,167,L B2-1,217
162,166,L B2-1,220
125,119,L B2-1,221
190,179,L B2-1,232
159,137,L B2-1,325
123,84,L B2-1,368
186,132,L B2-1,415
153,163,L B2-1,504
171,121,L B2-1,521
175,123,L B2-1,550
127,127,L B2-1,551
124,116,L B2-1,553
137,127,L B2-1,648
179,123,L B2-1,706
58,170,L B2-1,715
195,126,L B2-1,759
156,103,L B2-1,916
192,137,L B2-1,1021
139,122,L B2-1,1048
155,134,L B2-1,1160
122,99,L B2-1,1174
148,129,L B2-1,1260
121,121,L B2-2,33
102,202,L B2-2,205
218,205,L B2-2,215
158,158,L B2-2,216
177,177,L B2-2,217
163,160,L B2-2,220
152,146,L B2-2,221
163,151,L B2-2,232
153,135,L B2-2,325
145,97,L B2-2,368
165,107,L B2-2,415
140,160,L B2-2,504
173,133,L B2-2,521
164,113,L B2-2,550
122,122,L B2-2,551
135,130,L B2-2,553
145,137,L B2-2,648
172,114,L B2-2,706
85,177,L B2-2,715
173,99,L B2-2,759
163,111,L B2-2,916
173,117,L B2-2,1021
151,136,L B2-2,1048
150,126,L B2-2,1160
143,122,L B2-2,1174
143,126,L B2-2,1260
153,146,L B3,74
193,183,L B3,215
137,137,L B3,216
165,165,L B3,217
150,150,L B3,220
135,122,L B3,221
180,179,L B3,235
183,182,L B3,318
50,155,L B3,319
269,157,L B3,345
242,236,L B3,494
155,96,L B3,542
182,157,L B3,563
185,123,L B3,568
152,130,L B3,621
162,105,L B3,699
168,168,L B3,725
147,145,L B3,821
173,123,L B3,841
147,144,L B3,933
27,88,L B3,1048
207,159,L B3,1130
215,187,L B3,1228
156,119,L B3,1266
109,220,L B3,1274
132,74,L B3,1730
151,143,L B3,1767
150,138,L B3,2089
88,222,L B4,6
148,146,L B4,191
223,203,L B4,218
224,204,L B4,227
191,141,L B4,243
166,173,L B4,318
186,189,L B4,328
158,109,L B4,363
177,188,L B4,365
149,125,L B4,378
201,190,L B4,380
174,117,L B4,383
190,142,L B4,488
148,101,L B4,574
182,165,L B4,621
141,139,L B4,725
67,122,L B4,810
162,151,L B4,812
184,151,L B4,826
118,115,L B4,871
123,123,L B4,1055
208,157,L B4,1087
185,175,L B4,1131
107,190,L B4,1192
144,144,L B4,1663
156,116,L B4,1761
183,170,L B4,1767
207,206,L B4,1973
131,74,L B5-1,128
133,76,L B5-1,189
93,82,L B5-1,191
83,106,L B5-1,218
100,81,L B5-1,227
89,129,L B5-1,360
80,56,L B5-1,363
116,108,L B5-1,380
124,54,L B5-1,383
180,128,L B5-1,432
46,183,L B5-1,458
116,94,L B5-1,504
55,55,L B5-1,506
162,98,L B5-1,559
129,77,L B5-1,591
67,56,L B5-1,810
116,75,L B5-1,812
143,61,L B5-1,824
145,84,L B5-1,837
88,89,L B5-1,1055
111,111,L B5-1,1081
182,104,L B5-1,1150
161,85,L B5-1,1182
88,61,L B5-1,1192
75,28,L B5-1,1224
74,22,L B5-1,1663
144,121,L B5-1,1912
107,30,L B5-1,1973
150,98,L B5-2,128
146,85,L B5-2,189
121,118,L B5-2,191
109,120,L B5-2,218
110,93,L B5-2,227
68,206,L B5-2,360
79,56,L B5-2,363
141,130,L B5-2,380
129,54,L B5-2,383
127,134,L B5-2,504
99,99,L B5-2,506
147,96,L B5-2,591
95,66,L B5-2,810
133,67,L B5-2,812
164,97,L B5-2,824
159,102,L B5-2,837
96,96,L B5-2,1055
129,132,L B5-2,1081
78,109,L B5-2,1192
76,52,L B5-2,1224
122,55,L B5-2,1663
143,143,L B5-2,1912
135,59,L B5-2,1973
245,168,L B6,67
153,153,L B6,164
147,138,L B6,215
124,124,L B6,216
121,121,L B6,217
110,108,L B6,220
99,112,L B6,221
95,95,L B6,232
83,227,L B6,318
192,144,L B6,347
137,173,L B6,360
100,100,L B6,415
195,139,L B6,432
142,171,L B6,458
133,133,L B6,504
179,141,L B6,559
186,138,L B6,600
242,172,L B6,601
92,91,L B6,759
168,162,L B6,910
191,138,L B6,923
134,134,L B6,1021
64,114,L B6,1048
194,148,L B6,1059
194,138,L B6,1150
158,100,L B6,1182
243,238,L B6,1256
96,101,L B7,128
120,82,L B7,189
147,144,L B7,191
193,206,L B7,218
97,76,L B7,363
212,192,L B7,380
148,91,L B7,383
83,66,L B7,504
99,99,L B7,506
97,44,L B7,591
115,85,L B7,810
146,137,L B7,812
115,40,L B7,824
142,99,L B7,826
105,47,L B7,837
129,132,L B7,1055
82,81,L B7,1081
84,148,L B7,1192
90,69,L B7,1224
147,87,L B7,1663
123,77,L B7,1761
149,55,L B7,1912
168,168,L B7,1973
257,206,L B8-1,183
224,209,L B8-1,215
151,151,L B8-1,216
189,189,L B8-1,217
170,155,L B8-1,218
174,187,L B8-1,220
149,157,L B8-1,221
185,163,L B8-1,227
127,110,L B8-1,235
154,159,L B8-1,318
194,124,L B8-1,345
157,128,L B8-1,380
219,187,L B8-1,457
266,212,L B8-1,486
189,182,L B8-1,494
116,101,L B8-1,563
114,74,L B8-1,568
254,254,L B8-1,572
216,211,L B8-1,672
172,172,L B8-1,725
51,184,L B8-1,762
216,197,L B8-1,936
201,201,L B8-1,975
215,177,L B8-1,997
119,105,L B8-1,1130
211,211,L B8-1,1219
161,160,L B8-1,1228
70,190,L B8-1,1274
174,163,L B8-1,2089
36,70,L B8-2,762
50,85,L B8-2,936
61,90,L B8-3,762
56,110,L B8-3,936
253,202,L B8-4,183
195,186,L B8-4,215
132,132,L B8-4,216
158,158,L B8-4,217
183,151,L B8-4,218
92,177,L B8-4,220
138,147,L B8-4,221
169,154,L B8-4,227
175,156,L B8-4,380
202,169,L B8-4,457
263,205,L B8-4,486
245,210,L B8-4,572
196,191,L B8-4,672
56,166,L B8-4,762
193,150,L B8-4,936
169,112,L B8-4,975
176,141,L B8-4,997
226,221,L B8-4,1219
123,123,L B9,33
90,90,L B9,125
145,136,L B9,189
192,156,L B9,191
85,89,L B9,203
200,173,L B9,218
195,183,L B9,227
107,107,L B9,316
186,166,L B9,325
123,123,L B9,368
195,178,L B9,380
228,161,L B9,383
130,31,L B9,384
153,148,L B9,553
86,86,L B9,578
175,113,L B9,648
90,162,L B9,684
149,78,L B9,715
102,42,L B9,738
104,56,L B9,742
215,181,L B9,812
156,60,L B9,824
88,110,L B9,900
83,112,L B9,911
167,167,L B9,916
202,202,L B9,1055
115,50,L B9,1079
65,86,L B9,1081
106,38,L B9,1146
150,150,L B9,1174
161,120,L B9,1176
87,91,L B9,1218
181,140,L B9,1260
151,151,L B9,1663
170,170,L B9,1912
197,115,L B9,1973
139,84,L C1,16
134,59,L C1,82
92,31,L C1,153
172,107,L C1,252
78,61,L C1,258
91,102,L C1,259
127,88,L C1,263
132,74,L C1,281
194,187,L C1,289
121,121,L C1,308
148,102,L C1,392
165,86,L C1,395
140,98,L C1,400
85,44,L C1,404
148,81,L C1,406
156,109,L C1,424
124,124,L C1,515
34,159,L C1,611
132,125,L C1,620
170,79,L C1,692
148,105,L C1,700
110,38,L C1,736
89,56,L C1,739
97,7,L C1,747
142,87,L C1,870
80,68,L C1,895
46,46,L C1,913
102,50,L C1,936
141,87,L C1,1009
125,101,L C1,1125
159,71,L C1,1149
64,64,L C1,1155
158,154,L C1,1189
46,92,L C1,1223
115,115,L C1,1577
117,54,L C2-1,250
72,58,L C2-1,259
109,47,L C2-1,413
113,62,L C2-1,471
113,58,L C2-1,479
62,74,L C2-1,673
65,65,L C2-1,674
78,52,L C2-1,768
41,110,L C2-1,784
91,76,L C2-1,791
117,49,L C2-1,862
95,76,L C2-1,962
132,62,L C2-1,970
84,61,L C2-1,1744
85,71,L C2-2,205
41,-30,L C2-2,259
98,47,L C2-2,286
81,85,L C2-2,342
118,64,L C2-2,391
75,6,L C2-2,471
65,-13,L C2-2,479
85,77,L C2-2,673
72,72,L C2-2,674
69,21,L C2-2,768
46,91,L C2-2,784
109,55,L C2-2,790
67,59,L C2-2,791
67,3,L C2-2,970
67,67,L C2-2,1018
77,116,L C2-2,1744
114,114,L C4,133
152,98,L C4,147
67,88,L C4,259
148,139,L C4,288
45,153,L C4,291
153,88,L C4,514
129,116,L C4,612
83,92,L C4,798
90,33,L C4,961
109,106,L C4,976
119,91,L C4,1207
120,63,L C4,1254
146,130,L G1,320
48,129,L G1,346
106,69,L G1,348
137,84,L G1,351
135,99,L G1,434
139,78,L G1,447
120,108,L G1,449
127,165,L G1,455
75,99,L G1,939
48,94,L G1,1013
181,175,L G1,1091
185,79,L G1,1206
100,89,L G1,1248
134,116,L G1,1272
105,105,L G1,1724
177,74,L G1,1843
194,151,L G2,105
192,153,L G2,106
125,142,L G2,455
94,150,L G2,458
202,158,L G2,474
201,162,L G2,685
144,124,L G2,815
155,150,L G2,822
163,117,L G2,860
169,171,L G2,1056
146,88,L G2,1085
137,157,L G2,1274
61,57,L G3,37
79,58,L G3,64
125,70,L G3,130
99,36,L G3,138
67,69,L G3,139
110,37,L G3,151
136,73,L G3,447
123,114,L G3,449
76,202,L G3,455
117,75,L G3,748
34,34,L G3,749
102,44,L G3,819
103,47,L G3,906
99,39,L G3,1073
99,92,L G3,1088
84,84,L G3,1089
104,41,L G3,1278
99,99,L G3,1724
130,108,L L1-1,27
127,57,L L1-1,266
133,92,L L1-1,267
127,59,L L1-1,421
76,129,L L1-1,562
122,135,L L1-1,726
100,73,L L1-1,728
92,119,L L1-1,730
132,77,L L1-1,901
99,99,L L1-1,925
126,109,L L1-1,956
136,79,L L1-1,1159
96,152,L L1-1,1177
228,205,L L1-2,27
222,159,L L1-2,266
223,209,L L1-2,267
239,188,L L1-2,421
229,221,L L1-2,726
188,164,L L1-2,728
209,164,L L1-2,730
243,229,L L1-2,901
208,208,L L1-2,925
219,213,L L1-2,956
245,197,L L1-2,1159
116,320,L L1-2,1177
75,75,L L2,358
57,140,L L2,402
103,103,L L2,428
95,78,L L2,562
96,79,L L2,726
87,70,L L2,728
109,106,L L2,730
58,53,L L2,733
92,27,L L2,835
123,66,L L2,1067
119,68,L L2,2011
123,94,L L4,31
126,61,L L4,155
154,122,L L4,171
75,75,L L4,358
143,77,L L4,399
45,195,L L4,402
117,117,L L4,428
71,121,L L4,684
147,161,L L4,726
131,78,L L4,842
180,115,L L4,991
128,123,L L4,1067
99,22,L L4,1202
130,106,L L4,1213
108,81,L L4,2011
84,25,L S63-2,259
93,105,L S63-2,369
212,90,L S63-2,371
202,93,L S63-2,412
156,92,L S63-2,585
205,198,L S63-2,664
157,43,L S63-2,683
106,91,L S63-2,744
73,72,L S63-2,745
113,84,L S63-2,793
208,202,L S63-2,1093
157,95,L S63-2,1139
