station,arrival_delay,departure_delay,min_arrival_delay,min_departure_delay,max_arrival_delay,max_departure_delay
Aalst,2.9994470383311174,2.5121495181846441,-5,-5,114,114
Aalst-Oost,13.5666666666666667,13.5666666666666667,13,13,13,13
Aalter,2.0752423093131058,2.5062759377380587,-38,-38,286,262
Aarlen,1.6275249933477782,1.2283263568387535,-8,0,72,56
Aarschot,2.3353067103308166,2.5232509160853633,-27,-24,122,122
Aarsele,3.4217891928297586,3.4270982281628847,-9,-9,116,116
Aat,2.8613014146906308,3.0517869207885847,-10,-2,203,94
Acren,2.443031951053705,3.4520390296252365,-2,0,51,53
Aiseau,1.6734946860685907,2.0716046885814704,-4,-4,93,93
Alken,4.047215945042032,4.5760837542087542,-5,-5,131,131
Amay,2.6075104766893662,2.9111116557200274,-2,-2,149,149
Ampsin,2.7207254141467263,2.997434508568052,-2,-2,149,149
Andenne,2.6158281621850048,2.9145027223635471,-2,-1,150,148
Anderlecht,2.6812408644918496,2.7285859433488824,-33,-33,131,132
Angleur,2.7373333659866611,3.0194265285514186,-4,-3,118,118
Ans,2.467980496644777,2.9145375040240369,-19,-19,230,173
Anseremme,3.0503272450532725,2.8709019518145776,0,-1,90,89
Antoing,1.9738487668763757,2.3685390240521245,-6,-6,101,141
Antwerpen-Berchem,2.3378861106028151,2.7165412977378309,-30,-25,125,132
Antwerpen-Centraal,2.9670468284165967,2.0693580170089193,-61,-11,131,127
Antwerpen-Dam,10.8187810945273632,10.8286069651741294,-32,-32,73,73
Antwerpen-Kiel,26.05,-2.53,0,-7,39,1
Antwerpen-Luchtbal,2.5205334151873263,2.815328734457503,-65,-65,93,93
Antwerpen-Noorderdokken,2.6610680499244773,2.7056307380469775,-65,-65,93,93
Antwerpen-Oost,11.2067901234567901,11.1692592592592593,-25,-25,74,74
Antwerpen-Schijnpoort-Carwash,-1.2083333333333333,-1.2833333333333333,-23,-24,21,21
Antwerpen-W.H.-B.Kallo,2.0283653846153846,0.52949308755760368667,-2,-14,26,24
Antwerpen-Zuid,2.1273969943494726,2.4297441744459488,-10,-5,96,96
Anzegem,1.9609545670413171,2.273856299575724,-2,-2,139,139
Appelterre,2.8007732561538911,4.0840231594913079,-1,0,74,88
Arcaden,2.0854244300617336,2.3884009324009324,-9,-9,121,121
Asse,2.8937885802469136,2.8977245938879602,-3,-4,198,151
Assesse,0.99461504678895983167,1.8561105493764746,-5,0,52,52
Athus,2.4113655821917808,1.9569335623054631,-2,0,75,74
Aubange,1.8616546083674111,1.9264310645724258,0,-1,73,74
Auvelais,1.1426120937885644,1.8340095149390021,-4,-4,88,89
Aye,0.107200204988042365,1.5343918957372944,-2,0,37,39
Baasrode-Zuid,1.9107436899993642,2.2969633374670101,-3,-3,96,96
Balegem-Dorp,2.5147753757132524,3.2338279725141039,-1,-10,75,75
Balegem-Zuid,2.555144165127299,3.1975060048038431,0,-19,75,75
Balen,2.7691276115189159,3.6043000686513137,-5,-5,62,63
Balen-Werkplaatsen,3.2955813613789074,3.2387661787477722,-2,-5,75,72
Barvaux,2.5116436267534052,3.3440364953619067,-1,-1,71,72
Bas-Oha,2.5866655531429208,2.8935895720434424,-2,-6,150,150
Basse-Wavre,0.81616793248945147667,1.6466981132075472,-18,-10,339,135
Baulers,2.463248709915223,2.463248709915223,-3,-3,77,77
Beauraing,1.9909064035768392,2.776521032010054,-1,0,89,89
Beernem,2.6380739273025417,2.8107027272985809,-40,-40,262,262
Beersel,1.3690602166792643,2.0064040353510088,-7,-3,72,72
Beervelde,2.2190757758039607,2.4028419705694178,-6,-2,161,161
Begijnendijk,2.1423533314073551,2.4780051971383658,-28,-28,106,106
Beignée,1.9032159824582775,1.9080440167296057,-1,-1,77,77
Bellem,2.4914471025505296,2.6592963051468496,-36,-36,262,262
Belsele,2.2812722011078819,2.6498227082248506,-11,-11,158,242
Bergen,2.3532311800775224,2.5993052917774535,-5,-4,136,182
Beringen,3.1972497459349594,3.1468296580377117,-4,-4,66,65
Berlaar,1.7779067289042351,2.2455808040511069,-46,-46,103,103
Bertrix,1.8487439059885032,1.5281225331898098,-2,-2,135,83
Berzée,1.6370345637040635,2.5366776315789474,-2,0,75,76
Beuzet,2.4394431885646436,2.6542526493503531,-7,-4,145,145
Beveren(Waas),2.0269681018766021,2.5874062978769972,-6,-6,253,96
Beverlo,2.6699314505938843,3.5420658966104904,-4,-4,66,66
Bierges-Walibi,1.0582932909425919,1.9510812879766518,-11,-11,134,134
Bierset-Awans,2.0965980761187788,2.6757936109717344,-20,-20,172,172
Bilzen,1.6955598568831016,2.1876921061823262,-1,-1,88,89
Bilzen-Wijkspoor,1.8552694471160852,1.8552694471160852,-1,-1,88,88
Binche,2.5589804744641608,0.83823328202497007,-2,0,61,37
Bissegem,2.6698130493286381,3.1276351081435827,-1,0,102,102
Blankenberge,4.6611804430037817,1.0397783994295431,-1,0,72,43
Blanmont,2.3274697184206387,2.598333501383614,-1,-1,142,142
Blaton,1.9763896103896104,2.2981138278911211,-5,-5,98,99
Bleret,2.9681558657036892,3.2349442741032754,-3,-6,167,167
Bockstael,2.5206011103993167,2.863336760757624,-6,-3,152,152
Boechout,2.1692010365880441,2.3068104134090473,-2,-2,104,104
Bois d'Ausse,1.6679945471069373,1.6664327308223097,-1,-1,51,51
Bokrijk,3.3129399233063485,4.1980523329663816,-5,-1,103,103
Bomal,2.7408098438492661,2.9888989898989899,-2,-1,72,72
Booischot,1.7859787172665791,2.2486235547591621,-28,-28,106,106
Boom,1.8687464499497531,1.4388735177865613,-10,-10,124,124
Boondaal,1.7070568630755116,2.2712310245794637,-10,-1,120,121
Boortmeerbeek,2.0887062993394555,2.3148541092690157,-7,-7,109,109
Bordet,1.9675645219920029,2.2422993863264168,-4,-2,88,88
Borgworm,3.0445615073493144,3.6582128202063663,-7,-5,167,167
Bornem,1.7587304112640204,2.3359656084656085,-11,-11,275,275
Bosvoorde,2.8374129853630132,3.2730035594086448,-6,-6,110,110
Boussu,2.5139892029641552,3.5468726968174204,-1,0,106,106
Bouwel,2.5550487943634852,2.7973287791206866,-7,-7,120,120
Bracquegnies,1.751332903181988,2.1747094832365887,-2,-2,94,94
Bressoux,2.5609970674486804,2.4476892822025565,-1,-1,40,40
Brugelette,2.7980182969347056,3.6140797143893119,-9,-9,78,78
Brugge,2.3335996276355304,2.2991110573173028,-63,-3,262,180
Brugge-Sint-Pieters,1.8966269649659316,2.1459004477833662,-2,-2,234,234
Brussel-Centraal,2.9657778471519997,3.5099511890822374,-12,-12,213,160
Brussel-Congres,2.7819512572287526,2.8233927452846169,-12,-12,161,161
Brussel-Kapellekerk,2.8468639037874319,2.8673138878812842,-12,-12,159,159
Brussel-Luxemburg,2.3806230370936253,2.5375249092173705,-11,-5,119,117
Brussel-Noord,2.7082403149803707,2.7354629448734515,-29,-15,169,161
Brussels Airport - Zaventem,2.3854099350118893,1.9642995252617348,-13,-13,112,110
Brussel-Schuman,2.3673853345765266,2.687188477997062,-6,-7,146,118
Brussel-West,2.9518162107576703,2.9577861051629788,-6,-6,109,109
Brussel-Zuid,2.8133994188607013,2.9782536813332158,-27,-14,160,157
Buda,2.2404586737932871,2.3648823962907237,-10,-10,168,168
Buggenhout,2.249033931375815,2.7325032080224324,-3,-3,96,96
Buizingen,2.6614814404022479,2.7149933659718273,-19,-19,163,163
Burst,2.0113462480516589,2.1793281722726464,-2,-2,132,132
Callenelle,2.0949464211402414,2.0976721806075739,-5,-5,101,101
Cambron-Casteau,3.2086011631466177,4.4946066131370581,-8,-8,90,90
Carlsbourg,1.7258986566282846,2.541005378720896,-11,-11,90,91
Carnières,1.4881609120094346,1.8243065550176632,-11,-11,81,81
Céroux-Mousty,1.7448975684472525,2.7494835725374648,-1,-1,53,53
Chapelle-Dieu,6.84375,6.84375,0,0,25,25
Chapois,0.85421727972626176167,2.0764377633526933,-2,0,41,42
Charleroi-A.T.,1.3166666666666667,,1,,1,
Charleroi-Centraal,2.1059655893230423,1.9579408908162804,-7,-39,113,90
Charleroi-Faisceau A,3.480829420970266,3.3244103773584906,-8,-8,46,43
Charleroi-West,0.980807316304005045,1.2388755444529849,-2,-2,114,113
Chastre,2.1891853397034744,2.5021231993722325,-2,-1,142,142
Château-de-Seilles,2.5302201352450341,2.6765966344384597,-2,-2,148,148
Châtelet,1.8025477391906599,2.1470702194413729,-4,-2,94,94
Châtelet-Formation,5.8459259259259259,5.8459259259259259,0,0,16,16
Chaudfontaine,2.3264295902489627,2.592781608451221,-4,-4,119,119
Chênée,2.1038562451412283,2.5865390847809178,-3,-3,118,118
Ciney,1.2785187539732994,1.3376716125181206,-2,-2,54,47
Comblain-la-Tour,3.4367360488663148,4.3676161696225107,-1,-1,72,74
Couillet,1.6894938870909745,2.1005248425472358,-3,-3,93,93
Courcelles-Motte,2.71745553643144,3.021724375538329,-3,-3,109,109
Courrière,0.996787983238713165,1.8324957784532253,-1,-4,51,51
Cour-sur-Heure,2.3178164415784564,2.4610834143968872,0,0,76,76
Court-Saint-Etienne,2.9349790715372907,3.118337450905866,-2,0,53,53
Couvin,2.5490819209039548,0.74850495617268780167,0,0,72,36
Dave-Saint-Martin,0.89836068341437061,1.9655037971250339,-3,0,99,99
De Hoek,2.871058074198803,3.0249380121234275,-6,-6,87,87
Deinze,2.760894131125345,3.2555718475073314,-57,-57,154,117
Deinze-Wijksporen,2.9884554982907318,2.9932058757179794,-57,-57,116,123
Delta,1.6048956531765248,2.3266843910411344,-11,-11,91,90
Denderleeuw,2.7773567817304275,2.5857674639331815,-50,-7,173,414
Dendermonde,2.9249763917618491,2.1214889901807379,-32,-8,145,97
De Panne,3.6161680911680912,0.79324213003824654333,0,-16,75,34
De Pinte,2.7555796662629525,3.0995521697125835,-57,-57,119,123
Diegem,2.8005607648464791,2.938649774744676,-8,-8,164,164
Diepenbeek,1.6042743277568538,1.9048536728124085,-11,-11,89,91
Diesdelle,1.0446516853932584,2.4433112650900964,-4,-1,119,120
Diest,2.349553488969732,2.8626952086254412,-29,-29,127,127
Diksmuide,2.1060537586767095,2.3842216544797815,-2,0,225,75
Dilbeek,2.8934023394765632,2.8331305159538357,-8,-8,82,81
Dinant,1.6069619811649808,1.9125555858063345,-3,0,89,90
Dolhain-Gileppe,3.1672519338861372,3.2065915414579855,-2,-2,119,119
Doornik,2.6144330085708007,2.2443910664677124,-6,-1,229,70
Drongen,2.0838842457285774,2.3071720914876419,-33,-33,262,262
Duffel,2.6375451399337948,2.7534293217763081,-10,-10,139,139
Duinbergen,0.860079455952257035,2.1696277846962778,-1,0,71,73
Ecaussinnes,1.9237905915394067,2.1655685880840422,-8,-3,100,101
Ede,1.9460838980488412,2.7611532490574407,-3,-3,135,135
Edingen,2.8744845449096669,2.8394480546953005,-2,-3,254,169
Eeklo,2.1539517552461267,0.79403244837758112167,-1,0,120,44
Eerken,0.93396376297197714833,1.6696286405320971,-16,-16,77,86
Eichem,2.4026143216815973,3.2054922748912059,-2,0,72,75
Eigenbrakel,2.9671156609195402,3.3140195310840419,-5,-5,89,102
Eine,1.1655325842696629,1.7775678901820352,-1,-1,118,118
Eke-Nazareth,1.3920903198953502,2.2720701910262106,-1,0,118,118
Ekeren,2.2021554757882883,2.9868284686971235,-7,-7,93,93
Engis,2.4380698308783415,2.8089168084456659,-3,-2,149,149
Eppegem,1.8563206214689266,2.2458685172965295,-6,-8,171,171
Erbisoeul,2.7476253779585028,3.0159290744676418,-2,-2,135,135
Erembodegem,2.6751054646143823,2.7975898602853018,-4,-4,114,114
Ernage,2.735117864402592,2.6056917018284107,-1,-1,143,143
Erps-Kwerps,2.2755243924089102,2.4109881466910891,-9,-9,164,164
Erquelinnes,1.7519439328831594,1.5462923540890545,-1,0,65,37
Erquelinnes-Dorp,1.4963181078234224,3.5360109754943703,-1,0,66,66
Esneux,3.0501138113409654,3.7518010348856618,-7,0,69,70
Essen,3.5193750452603375,1.4217444540478248,-2,0,95,54
Essene-Lombeek,1.760674704006055,2.1878935235213601,-2,-1,77,77
Etterbeek,2.1960184501531855,2.4173779283812533,-9,-10,120,119
Eupen,4.3584366391184573,0.81169989820968804333,0,0,59,48
Evere,1.7102786051689382,2.4220556185947659,-4,-4,88,89
Evergem,1.238953488372093,2.9531431933605847,-1,0,119,119
Ezemaal,2.5369052934464454,3.7531292803274089,-7,-7,159,159
Familleureux,1.5494068271825605,1.8705510364733666,-4,-4,99,99
Farciennes,1.8854322487736826,2.2097048573686858,-3,-3,94,94
Faux,1.3783381043256997,2.596640040573095,-2,-2,53,53
Fexhe-le-Haut-Clocher,2.4352051519734595,2.9957317469605357,-3,-2,169,169
Flawinne,1.7600875618042704,2.0607551602925925,-3,-3,87,87
Flémalle-Annexe,1.8148686649197929,1.8142008052661852,-1,-1,72,72
Flémalle-Grande,2.6759856995780018,3.0203694280480358,-7,-7,150,150
Flémalle-Haute,2.6658045748691192,2.6253269222324683,-8,-3,150,150
Fleurus,0.71574512402953986,1.3888653302492932,-3,0,53,106
Florée,1.6579730687455705,1.6579730687455705,-8,-8,52,52
Floreffe,1.7187024300779459,2.1904697839158727,-3,-3,87,87
Florenville,1.9270972611602329,2.3640175646978368,-1,-5,134,144
Florival,0.923419832080709595,1.6762079849568517,-15,-20,77,77
Fontaine-Valmont,1.5502420962688693,3.373210401891253,-2,0,63,69
Forchies,1.6838521868309521,2.0121381733276598,-11,-11,231,82
Forrières,1.9543886489080874,2.9004875568317779,-1,0,54,57
Fraipont,2.2077989301106707,2.6633670535849383,-5,-3,132,132
Frameries,1.056474019088017,2.1927679921246001,-1,0,75,75
Franchimont,0.59985007496251874,1.8062407132243685,0,0,25,26
Franière,1.9347949677230047,2.2647557423892735,-2,-2,87,87
Froyennes,1.994187187723055,2.6583594740706134,-3,-10,64,64
Galmaarden,2.2992957746478873,3.2197184843753872,-1,0,89,91
Gastuche,0.92828748501274971667,1.6144483083022545,-17,-17,340,340
Gavere-Asper,1.6358166487903706,2.2446626789274767,-1,0,118,118
Gedinne,2.4005029847446385,2.6798859455481972,-2,-7,87,89
Gedinne-Marchandises,2.297249621338062,2.297249621338062,-7,-7,93,93
Geel,3.0898720789685737,3.4042417057626663,-1,-2,109,110
Gembloux,1.9125336180984022,2.7174096011733514,-3,-1,142,143
Gendron-Celles,1.312829872994144,2.2450811243144424,-3,-2,90,90
Genk,5.6556490047659097,0.84430282292557741667,-6,0,103,45
Genly,1.2724520383693046,2.3270173592845871,-1,0,87,76
Gentbrugge,2.3508913460830942,2.7043481603294294,-6,-6,164,164
Gentbrugge-Perron C.W.,2.5951452468626544,2.5951646980703061,-4,-4,164,164
Gent-Dampoort,2.7156603924870207,3.1211983575573657,-6,-2,164,165
Gent-Sint-Pieters,3.0149345228580056,2.6951419875975378,-58,-58,287,262
Gent-Zeehaven,8.4384615384615385,7.0367521367521368,-1,-3,101,101
Genval,2.3826080025506137,2.6658682318104907,-6,-6,97,97
Geraardsbergen,3.2541142068069206,1.914463808675741,-3,0,90,89
Ghlin,3.0663962443075833,3.2636976889444097,-3,-3,134,134
Glaaien,2.526782618118769,2.408579945799458,-1,0,56,56
Godarville,1.0710454700079374,1.922706240830606,-4,-4,79,112
Godinne,1.0571550708036589,1.912984678310491,-2,-1,89,90
Gontrode,2.639872311827957,3.3703641411714454,0,-5,70,71
Gouy-lez-Piéton,0.934001742028326895,1.874145130346462,-6,-6,79,80
Graide,1.5351433632237352,1.8841038118410381,-13,-13,89,90
Groenendaal,2.7374137596386286,3.2321709523683677,-4,-4,108,110
Groot-Bijgaarden,2.0855160136343694,2.8684048410380367,-10,-6,81,81
Grupont,1.790568567852673,2.8885425968923022,-3,0,56,56
Haacht,2.1342219551282051,2.3808218089333969,-7,-7,115,115
Haacht-Wijkspoor,2.0755905133015827,2.0655224670451265,-7,-7,153,153
Haaltert,2.7674962754070448,2.8208286793255678,-4,-4,138,138
Habay,0.658071219950572905,1.4561116690845516,-1,-1,56,56
Hainin,1.912767024370675,3.5828521785618819,-7,-7,59,107
Halanzy,1.3244901528666877,2.4372680107246074,-3,-4,72,74
Halle,2.5547695301150146,2.8438143858480151,-4,-4,163,164
Halle-Goederen,1.5925062282012955,1.5925062282012955,0,0,71,71
Hambos,1.857548977343488,2.2680906164339899,-6,-6,154,154
Hamoir,4.2752921370568429,4.3398287467828153,-1,-1,73,73
Hamont,4.7498223039215686,0.79604029705381056667,-3,0,75,43
Ham-sur-Heure,1.47129708470178,2.5485737916565803,-1,0,77,77
Ham-sur-Sambre,1.9181709199140164,1.9181709199140164,-2,-2,87,87
Hansbeke,2.4069981867323549,2.5911340118019328,-36,-36,262,262
Harchies,1.9967393000156014,1.9990578466552256,-7,-7,98,98
Harelbeke,2.7746807314745827,3.014005141656553,-57,-57,90,89
Haren,1.6621267882592773,2.0370714770563395,-3,-3,87,88
Haren-Zuid,2.779155589445555,2.9344770501814988,-16,-16,164,164
Hasselt,3.8705005151564449,2.4625386389850058,-25,-2,144,103
Hasselt-Aflos L.35/1,3.9621212121212121,3.9621212121212121,-3,-3,12,12
Hasselt-Afwisseling,12.4577380952380952,11.7635802469135802,0,0,144,144
Hatrival,1.9816917182434424,1.9443322706340772,-5,-15,55,55
Haute-Flône,2.5501236066900754,2.8956283794854989,-2,-2,150,150
Haversin,0.21441642362898152833,1.7428122500285682,-2,-1,39,43
Haversin-Garage,0.93860277398817644333,0.93860277398817644333,-2,-2,42,42
Havinnes,2.3826205040371911,2.3814904552129222,-2,-2,200,200
Havré,1.6281537105468353,2.0910116041264138,-3,-3,93,93
Heide,2.2412370386483939,2.6568532608695652,-2,0,95,95
Heist,0.91240839151123615,2.031448237694995,-2,0,70,72
Heist-op-den-Berg,2.191071904198762,2.517486051889094,-28,-28,101,102
Heizijde,2.4933038880649945,3.0234847996562466,-2,-2,141,143
Hemiksem,1.4375727615134395,2.7128969015044964,-9,-9,124,124
Hennuyères,2.2527190248246688,2.5667210057673546,-4,-4,142,142
Hennuyères-Garage,2.3302662165838217,2.3311499987635087,-4,-4,142,142
Herent,2.9114837609305767,2.9359287031863054,-10,-10,195,164
Herentals,2.752212577210628,3.2504341339439833,-5,0,122,123
Hermalle-sous-Huy,2.7136793019471655,2.7134902693139375,-2,-2,149,149
Herne,2.2743543723202712,2.9601843603068547,-1,0,90,91
Herseaux,1.8692111363737684,2.8622877777777778,-12,-5,65,66
Herstal,1.8733209869284888,1.8896805669279058,-21,-21,185,189
Herzele,2.0338330700791547,2.2185061837377061,-3,-3,131,131
Heusden,2.2987829935198356,3.0606556331515673,-3,-3,64,65
Hever,1.9547996794871795,2.2295849328214971,-7,-7,101,101
Heverlee,1.1372508977042596,1.8340401253491382,-10,-10,74,74
Hillegem,1.8388939345371657,2.2888722301053966,-3,-3,130,130
Hoboken-Polder,0.57300349441745504167,1.5943744914129085,-10,-10,123,123
Hoei,2.5109213301967021,2.9290803994268902,-2,-1,149,151
Hoeilaart,3.0036841224104964,3.1911742424242424,-4,-4,107,108
Hofstade,1.9361551906536038,2.7233301352339181,0,0,85,85
Holleken,2.7139338873162268,2.8967981254944921,-2,-3,82,82
Hony,3.1860940798070158,3.8717537014805922,-5,-5,68,69
Houraing,3.2967310653786924,5.1006324342435919,-1,0,52,54
Hourpes,1.5368496283590623,2.5939298945568538,-1,-1,70,70
Houyet,2.0966759932848349,2.5593654519710858,-1,-1,90,90
Hove,2.5402608983134505,2.706153420478695,-15,-15,130,194
Huizingen,1.1511576644792193,1.9716169801253835,-4,-6,72,72
Iddergem,2.30394636352955,3.1008877208351584,-1,0,63,65
Idegem,2.8767362329007366,4.0402868984035257,0,0,87,87
Ieper,2.680828038413555,2.9165741864632102,-1,-2,76,71
Ingelmunster,1.9023567916314322,2.3189273361816674,-2,-2,129,130
Izegem,1.9633056460112952,2.4328996340418905,-5,-1,126,128
Izegem-Sas,2.0573763104217068,2.0574177735610373,-2,-2,127,127
Jambes,1.8355728733197145,1.3601193810608607,-1,-8,90,90
Jambes-Oost,1.0936080511355909,2.1933981266995669,-1,0,99,95
Jamioulx,1.9414389799635701,2.1448635536688902,-1,-1,78,78
Java,2.6695835004232946,2.6719305574121107,-2,-2,150,150
Jemappes,3.0834310659369299,3.2202749308605824,-2,-2,182,182
Jemeppe-Froidmont,6.81875,6.81875,-1,-1,26,26
Jemeppe-sur-Meuse,2.6530290672647772,3.0000542888165038,-7,-7,150,150
Jemeppe-sur-Sambre,1.9039966595084705,2.0659650327246098,-2,-2,87,88
Jemeppe-sur-Sambre-Marchandise,1.8681180588089398,1.8687969061463701,-7,-7,88,88
Jette,2.6899145349253809,2.8936098720221283,-12,-3,152,152
Jurbeke,2.8624604538072305,3.34160000374248,-2,-2,134,135
Juslenville,0.93582461385151968167,1.9889301634472511,0,0,25,25
Kalmthout,1.9813045209396605,2.6152505802146794,-4,-7,96,96
Kapellen,2.1800657039457503,3.4001314544116101,-7,-7,91,96
Kapellen-Wijkspoor,2.1518818068202107,1.904312005135887,-6,-6,95,95
Kapelle-op-den-Bos,1.7751885665668614,2.2472535096310806,-5,-5,98,98
Kessel,2.6243028743028743,2.8189253154146324,-8,-8,120,120
Kiewit,3.9166158837635774,3.8222527937690484,-1,-1,103,103
Kijkuit,2.0690820730424691,2.1641732854604142,-4,-4,95,95
Kinkempois-Formation,10.3050561797752809,10.3194496560350219,-3,-3,109,109
Kinkempois-Réception,-0.06666666666666666667,-0.06666666666666666667,0,0,0,0
Kinkempois-Relais,1.2698077210036026,1.2698077210036026,-2,-2,74,74
Knokke,2.2134275866919885,1.7017213114754098,0,0,73,39
Koksijde,1.6779978586723769,2.8134921336397384,-1,0,73,75
Komen,2.8744071260001151,3.406591943657133,-1,-1,71,82
Kontich-Lint,2.4503410053722894,2.5070154730141879,-15,-15,133,132
Kortemark,1.9488280788759003,2.5262965571893986,-10,-9,225,225
Kortenberg,2.8490928660675307,2.948786229108269,-9,-9,164,164
Kortenberg-Goederen,2.0226088613508397,2.0222696565671467,-4,-4,141,141
Kortrijk,3.1008922701230394,2.1517670587046142,-68,-1,150,121
Kortrijk-Goederen,3.6,3.6,3,3,3,3
Kwatrecht,2.3644454595421662,2.6206381670112413,-34,-34,285,285
Labuissière,3.3079642248722317,3.4164822695035461,0,0,68,68
La Louvière-Centrum,1.9577761419132433,1.9277330105273301,-5,-2,103,92
La Louvière-Industriestation,1.6173637515842839,1.6177744697132745,-5,-5,99,99
La Louvière-Zuid,1.8675655514149924,2.134207666972259,-10,-10,93,83
Landegem,2.1230360172627791,2.1963353036308141,-34,-34,262,262
Landelies,0.71453199617956065,2.6166286799620133,-2,0,69,69
Landen,3.8691974092094188,3.9101646572723629,-10,-4,161,162
Landskouter,2.6966316183749365,3.3440733333333333,-11,-6,70,71
Langdorp,2.1412255855077334,2.6878667977586469,-29,-29,123,123
La Roche(Brabant),1.227666634911562,2.6300129898932294,-2,-2,54,54
Lauwe,2.5906737716041991,2.5906737716041991,-2,-2,73,73
Lebbeke,2.4537004830917874,3.0071886697341184,-3,-3,142,144
Le Campinaire,1.9843231732625918,2.2959843158464035,-2,-2,93,93
Lede,2.8287520217927982,3.1910837257314159,-8,-8,114,114
Leignon,1.0856705046686143,2.0522929500342231,-1,0,122,40
Leman,2.5509989699007256,2.8315829657278588,-7,-7,150,150
Lembeek,2.2792710980835946,2.6316346504146367,-4,-4,142,142
Lens,3.3705831521436138,4.0351731421266189,-6,-12,72,73
Leopoldsburg,2.9746458254627881,3.2877906608376101,-5,-5,63,66
Lessen,3.1102813852813853,3.2090469360780674,-1,-2,52,52
Leuven,2.9624573559897491,2.5795292210004224,-18,-10,175,154
Leuze,2.481961741961742,3.199231442747349,-3,-1,202,203
Leval,1.0994116582186821,2.143729744328412,-2,-1,61,62
Libramont,1.8604524089306698,1.3294400081900082,-15,-2,113,85
Lichtervelde,2.4662669144835182,2.6388151179680446,-24,-5,115,225
Liedekerke,2.5041172303519744,2.6168309121286778,-25,-25,158,158
Liège-Guillemins-Faisceau,9.5166666666666667,3.6635802469135802,0,-43,40,40
Lier,2.6737146699325217,2.8691538290766588,-29,-29,127,120
Lierde,1.458526932418917,2.4270303445519683,-1,0,76,77
Liers,0.38544603743528474667,0.92418834402262677833,-30,-25,191,108
Liers-Faisceau,0.05317669029651650333,-0.16148156534208838,-11,-29,108,47
Ligny,0.60147784034870032833,1.7201374996030612,-3,-2,52,52
Lillois,2.6006349032426937,3.1251256021918873,-8,-8,105,105
Limal,1.223794136760777,1.8935365853658537,-10,-10,133,134
Linkebeek,2.1764177912689415,2.6800304822399883,-5,-2,82,82
Lissewege,0.925235552763819095,1.770157422852377,-1,0,41,42
Lobbes,1.5137755587256301,1.7621855121997532,-2,0,61,72
Lobbes-Garage,1.2007599506032108,1.2188698955365622,-1,-1,61,64
Lodelinsart,0.13612517976614769,1.5183520950594121,-5,-1,53,115
Lokeren,2.6162613328348444,2.9568583235896389,-4,0,159,160
Lokeren-Oost,2.252970426102503,2.2513595306825589,-2,-2,159,159
Lommel,3.6274686210831212,4.3852750951126719,-1,-1,72,72
Londerzeel,2.1055309130064446,1.3299740728215534,-4,-4,98,98
Lonzée,2.2681847268405837,2.6284570272309486,-3,-3,144,144
Lot,2.3713117029101153,2.7077872336493504,-47,-47,161,161
Louvain-la-Neuve,2.2234642462727775,0.900040830740029575,0,0,77,65
Luik-Carré,2.0454163872000692,2.4317487771165016,-1,-1,147,148
Luik-Guillemins,3.0838432016895792,2.7286560615658947,-43,0,176,151
Luik-Sint-Lambertus,2.393710906269106,2.4731993712462462,-18,-5,149,148
Lustin,1.4180463658524452,1.9002229106226746,-1,-1,89,89
Luttre,2.1179405455102666,2.8270039804041641,-13,-4,119,108
Machelen,7.8865907653383934,7.8865907653383934,-26,-26,96,96
Maffle,2.8121747134131035,3.5622134001950132,-10,-10,78,78
Malderen,2.2541309523809524,2.7247107359635812,-4,-4,97,97
Manage,1.8495643722447846,0.89069864009135264167,-4,-4,113,76
Marbehan,1.0554545454545455,1.085106103286385,-1,0,56,55
Marche-en-Famenne,2.4539663951120163,3.014347516286645,-1,-2,71,73
Marche-les-Dames,2.3785881986402733,2.69411178644581,-2,-2,147,147
Marche-les-Dames-Marchandises,2.5157306057976818,2.5157484037464682,-2,-2,147,147
Marche-lez-Ecaussinnes,1.6541578854935019,1.9760780287474333,-6,-6,100,100
Marchienne-au-Pont,1.9962124770724288,2.5274302304845972,-6,-3,108,109
Marchienne-Zone,1.398241110477277,1.8763979872780784,-1,-1,69,70
Marcinelle,3.2254948535233571,3.239944576405384,-8,-8,44,44
Maria-Aalter,2.4981899846768176,2.6471874003734572,-39,-39,288,288
Mariembourg,1.533349847246305,1.3898476947272577,-2,-1,72,71
Marloie,1.367384295744376,1.6222635747685848,-3,-2,72,51
Masnuy-Saint-Pierre,2.2613551099216678,2.586994981868796,-6,-6,134,134
Maubray,2.1341529061515561,2.1377525055823856,-6,-6,100,100
Mazy,7.275,7.275,-1,-1,26,26
Mechelen,2.6791825821237586,2.6555558856651331,-6,-6,158,174
Mechelen-Nekkerspoel,2.8565574868548846,3.1632202032337188,-8,-8,146,149
Meiser,1.8306350868325089,2.1652229953850591,-12,-5,136,89
Melkouwen,1.8425349492372296,2.2995398089171975,-28,-28,101,101
Melle,2.3996428448186618,2.6305692698982645,-63,-63,285,285
Melle-T.W.,6.8564102564102564,7.8344444444444444,-3,-2,38,30
Melreux-Hotton,1.9494200834265948,3.0913003663003663,-3,-1,71,72
Melsele,2.2257599429871447,2.5449758602978942,-12,-2,96,96
Menen,2.7241980112408128,3.0273890175227968,-2,-1,81,88
Merchtem,2.7794464454163451,2.7860107761852733,-2,-2,149,149
Merelbeke,2.6177409864127528,2.7852267743044442,-62,-62,285,285
Merelbeke-Centraal,-0.34577546296296296333,-0.69301513387660069833,-6,-25,30,31
Merelbeke-Sas T.W.,18.0083333333333333,18.0083333333333333,1,1,57,57
Mérode,2.0984929139301763,2.731151176686891,-7,-7,89,90
Méry,3.0455936966777075,3.8337255883825739,-4,-4,68,69
Messancy,1.5078701155751238,1.9886127103631532,-5,-1,73,73
Mévergnies-Attre,2.8314143865227457,3.5370478494175216,-9,-9,79,79
Milmort,1.2443472857707733,1.637492252386265,-24,-24,190,190
Moensberg,1.3455554560916659,2.256584389593062,-6,-3,72,120
Moeskroen,2.3279911719138238,2.6558914663763504,-2,-1,66,73
Mol,3.1267450380706617,3.6801613337770805,-9,0,111,73
Mollem,2.6399094063222822,3.115494311809005,-2,-2,174,174
Momalle,2.5946095200860131,3.0439782003030451,-3,-3,169,169
Mont-Saint-Guibert,2.6507050292083529,2.7111429593125258,-2,-2,142,142
Montzen-Est,8.8811594202898551,8.8811594202898551,-6,-6,37,37
Moortsele,1.9500067025925628,2.7169962109083147,-11,-17,69,70
Morlanwelz,1.6533278786887034,2.0147470257550007,-10,-10,81,81
Mortsel,1.9344937541928855,2.3480594768748145,-24,-24,126,126
Mortsel-Deurnesteenweg,2.8042746522879101,2.8436703642149474,-3,-3,126,126
Mortsel-Liersesteenweg,1.9767256890144445,2.9387926416926116,-16,-16,127,127
Mortsel-Oude God,2.5648004017072558,2.8900523678098804,-8,-5,126,126
Moustier,1.4156216756538645,1.8029174902994363,-2,-2,86,86
Moustier-Garage,1.8158935322835224,1.8171071467900011,-2,-2,87,87
Mouterij,1.9059312409663432,2.4332339796479648,-4,-4,118,119
Muizen,1.9481607345138019,2.3119326710027875,-7,-7,85,85
Muizen-Goederen,10.6137254901960784,3.7388888888888889,0,0,45,14
Munkzwalm,2.3940704390942085,2.7245429377017389,-2,-2,138,138
Namêche,2.6991497052608164,2.8895986800439985,-1,-1,147,147
Namen,1.6552997107632583,1.9118145556131559,-5,-4,147,146
Namur-Herbatte,1.6223123551435193,1.6223252326878417,-10,-8,147,147
Naninne,1.4346895292207792,1.9014069373090225,-2,-1,82,82
Natoye,0.86796193363651676,1.8625025247424763,-8,0,53,53
Neerpelt,3.1433443738250828,3.7264146159582401,-2,-3,78,76
Neerwinden,3.2768121500028866,3.2201316744170707,-6,-6,161,161
Nessonvaux,2.3749538514995548,2.7290794186713415,-2,-2,132,132
Neufchâteau,0.56022967663946811667,1.3777752648045535,-2,-5,55,55
Neufvilles,2.1410320249951181,2.3830450417504724,-6,-6,134,134
Neufvilles-Garage,2.3278048840138425,2.3278048840138425,-5,-5,134,134
Niel,1.3151017014199821,2.655270092226614,-9,-9,124,124
Nieuwkerken-Waas,2.0881580661305472,2.3151566559053553,-2,-2,95,95
Nijlen,2.6864697013525478,2.7605273302319062,-7,-6,236,120
Nijvel,2.6086977789636242,2.8675379009219582,-8,-8,105,106
Nimy,1.8032338813341452,2.2390883152327142,-4,-4,94,94
Ninove,2.7056939085700924,2.805033655253146,-1,-1,58,73
Ninove-Wijkspoor,2.5592885144227956,2.5592885144227956,0,0,59,59
Noorderkempen,2.2211732973701956,2.9285677285677286,-1,0,77,73
Nossegem,2.9209855626250428,3.0784339335417098,-8,-8,164,164
Obaix-Buzet,3.2806162598060712,3.5249583470149708,-10,-10,107,107
Obourg,1.5724721704243657,1.9057149794461761,-5,-5,92,92
Obourg-Marchandises,1.6798999591670069,1.6825569129206792,-5,-5,93,93
Okegem,2.3091677655677656,3.1969381202568593,0,0,63,64
Olen,2.6920181760150515,3.4949472020446597,-2,-2,109,110
Olne,2.4380414952988547,2.437608761361919,-3,-3,131,131
Oostende,3.512924907718583,1.4380282458149299,-2,-46,179,73
Oostende-Perron T.O.P.,3.6508527131782946,3.7956589147286822,0,0,34,36
Oostende-T.W.,3.5208333333333333,3.5208333333333333,1,1,5,5
Oostende-Zeehaven,3.6166666666666667,3.6166666666666667,1,1,5,5
Oostkamp,2.1619342862341088,2.2885063643595863,-41,-41,262,262
Opwijk,2.6859025160271898,2.6607172357566591,-2,-2,141,148
Opzullik,2.9708390931711363,3.9938888122499655,-2,-1,170,171
Ottignies,2.3802411823553473,2.4213930421473982,-9,-9,147,99
Ottignies-Relais,1.5124768775434702,1.5123412257984955,-9,-9,134,134
Oudegem,1.8904533248372855,2.2290340909090909,-32,-32,98,98
Oudenaarde,2.3658884370821166,1.8128999353826272,-2,-2,140,138
Oud-Heverlee,1.5326957966664971,1.8277310710282279,-10,-10,74,74
Ougrée,1.2288216934949443,1.9378822654340665,-2,-1,50,50
Overpelt,3.6261207551581039,4.4967767846711064,-1,-1,78,79
Paliseul,1.4947516867603141,2.289113275054406,-2,-10,90,91
Papegem,4.9779537456008044,5.0345731758398258,0,0,53,54
Pecrot,0.81400621222863702333,1.6723123425692695,-21,-14,74,74
Pepinster,2.5841999724876459,2.7927394988167681,-2,-2,132,132
Pepinster-Cité,1.00804683607374190333,2.2862146050670641,0,0,25,25
Péruwelz,1.5814520870076426,2.6693218933070662,-6,-6,98,102
Philippeville,0.54636131371821815667,1.4934509852318072,-2,-2,71,72
Piéton,1.5644746044234636,1.668235797230172,-11,-11,81,81
Poix-Saint-Hubert,1.5300691587670661,2.9224503825920612,-2,-1,55,56
Pont-à-Celles,1.0323295905636838,2.1196701271345821,-7,-5,80,92
Pont-de-Seraing,2.6365279472233519,2.9916536925472145,-7,-7,151,151
Poperinge,3.1395852228066993,1.6458057207589918,-1,0,72,37
Poulseur,3.0200267737617135,3.7082824847454236,-5,-1,69,71
Profondsart,2.2248127861130957,2.5219827776161894,-7,-7,97,97
Pry,1.7589248751978571,1.8127637130801688,-2,-2,75,75
Puurs,2.0267579823580569,1.942919669904941,-13,-13,275,275
Quaregnon,2.6545754189337417,3.4631322641386923,-2,-2,182,182
Quévy,2.4014243654014482,0.94678087349397590333,-1,0,58,74
Quiévrain,4.0903108117589279,1.5122030651340996,0,0,57,44
Rebaix,3.211120434077306,4.8346709111725447,-1,0,53,53
Remicourt,2.6454273107670265,3.196497502270663,-3,-3,168,168
Rhisnes,2.1739930067532824,2.3998714697011242,-2,-2,144,144
Rhisnes-Sas,2.5988648320980877,2.5988648320980877,-2,-2,144,144
Rivage,3.2805362001459951,3.4409223381354529,-7,-1,73,72
Rivage-Marchandises,3.1901423273529117,3.1729012098121783,-3,-8,72,72
Rixensart,2.2612776673293572,2.5682258476779749,-5,-6,284,97
Rochefort-Jemelle,2.1289259927797834,1.8100848308963054,-2,-1,54,55
Roeselare,1.8540363602110023,2.3252235323593429,-2,-2,113,113
Ronet,1.6929989809689058,2.0668528174167581,-3,-3,86,86
Ronet-Vorming,3.1698826291079812,3.1698826291079812,-2,-2,30,30
Ronse,1.5840480214054359,0.804836406531321785,-1,0,141,45
Roux,2.8882428896081537,2.920591038537504,-3,-3,108,108
Ruisbroek,2.6067671677841169,2.8669245688162361,-18,-18,161,161
Ruisbroek-Sauvegarde,1.071755142369532,2.1714253827954109,-8,-8,126,126
Saint-Denis-Bovesse,2.5367909321626998,2.8268203689767622,-8,-9,145,145
Saint-Ghislain,2.6560414326306747,2.7588330641180958,-4,-7,182,92
Sart-Bernard,1.4075197665343242,1.8690295997309115,-1,-1,77,78
Schaarbeek,2.3072275305692894,2.3163736815670517,-56,-56,167,167
Schaarbeek-Carwash,2.3011220196353436,-3.6774398868458274,-14,-22,75,67
Schaarbeek-D.O.P.,-1.4476513098464318,0.255736224028906955,-24,-16,54,26
Schaarbeek-Josaphat,1.9621154774840034,1.9504638935670608,-3,-7,88,88
Schaarbeek-NOS,0.94507843137254902,0.94611307420494699667,-19,-19,74,74
Schaarbeek-P.C.I.,11.5753968253968254,11.5753968253968254,0,0,77,77
Schaarbeek-Perron P.C.I.,8.0167316439246264,7.9934697855750487,-27,-27,96,96
Schaarbeek-Sas K/C,5.3392592592592593,5.3392592592592593,-5,-5,76,76
Scheldewindeke,2.8574386891895498,2.8236196728311051,-4,-7,70,70
Schelle,2.6633159213487918,2.701067396655632,-9,-9,124,124
Schellebelle,2.4098542458808619,2.4437020003242972,-31,-31,286,287
Schendelbeke,2.4821558769918269,3.242865686446117,-1,0,86,90
Schoonaarde,2.1328039438756162,2.656996380268678,-32,-32,98,279
Schulen,2.2067448432442877,2.2003237378246427,-29,-29,129,129
Schulen-Sas,2.4824298063121906,2.4832740658312771,-29,-29,128,128
Sclaigneaux,2.4548240926297039,2.7477361657662465,-2,-1,147,147
Sclessin,2.7033064570770377,2.969731606416196,-7,-7,151,151
Seraing,1.4268448570209134,2.0931155266844988,-2,-1,73,73
Serskamp,2.7814400397840296,3.2494988587873375,-9,-8,114,114
's-Gravenbrakel,2.6581629617878602,2.5331025289002965,-4,-4,141,142
Simonis,2.512837037037037,3.3361640235078704,-5,-5,109,109
Sinaai,2.4491334983221997,2.8109589762657247,-12,-12,159,159
Sint-Agatha-Berchem,2.0768841129372103,2.8948457676355515,-4,-4,81,82
Sint-Denijs-Boekel,2.3871510026266897,2.6902891769578891,-2,-2,138,138
Sint-Genesius-Rode,2.8193783008351456,3.0993045423596926,-3,-3,85,85
Sint-Gillis(Dendermonde),2.2273460797295697,2.7857385827109623,-4,-4,143,145
Sint-Job,1.7762163237467318,1.7311524592934813,-13,-14,120,120
Sint-Joris-Weert,1.5968241946884782,1.5353175008512087,-11,-11,74,74
Sint-Katelijne-Waver,2.6930487672423156,2.8512836879432624,-10,-10,139,139
Sint-Mariaburg,2.2746863468634686,2.3748067327289339,-7,-7,92,92
Sint-Martens-Bodegem,2.390952308703788,3.1919835793079132,-2,-2,81,82
Sint-Niklaas,2.6688108721583342,2.2900361781453757,-11,-8,275,157
Sint-Niklaas-Oost,2.3124564394328397,2.3091583819461562,-2,-4,127,127
Sint-Truiden,4.0155616942909761,4.7746961882743494,-4,-4,130,131
Sleidinge,2.9141589219330855,3.0211549775507044,0,0,119,119
Solre-sur-Sambre,3.3590482954545455,3.465612293144208,0,0,67,67
Spa,1.6092867756315007,1.7943204365079365,0,0,25,26
Spa-Géronstère,1.5188318227593152,1.8363235294117647,0,0,14,26
Statte,2.5626112166350095,2.8888833283288293,-2,-1,150,150
Stockem,0.62136766458147155167,1.5727061750399168,-2,-1,56,57
Sy,3.3087586891757696,4.3005788067675868,-1,-1,73,73
Tamines,1.5858784536390557,2.2309915296462382,-4,-1,89,92
Temse,1.6634164535379369,2.3409203881441527,-8,-10,275,275
Terhagen,2.0055290331232399,2.3121055451379587,-3,-3,132,132
Terhulpen,2.5874103575114451,2.6311574086314324,-6,-6,97,97
Ternat,3.001193143333507,2.4265685812520725,-2,-2,72,82
Testelt,2.3159213733602745,2.6065805391980131,-30,-30,123,123
Theux,1.0260089686098655,1.5174839029222387,-1,0,25,25
Thieu,2.0715118446470329,2.1216454251689151,-3,-3,93,93
Thuin,1.5911069651741294,2.6235888634630053,-1,-1,72,71
Thulin,1.8913161168835536,2.6608478384814032,-9,-1,55,60
Thurn en Taxis,3.0240890748323542,3.7756473780451837,-5,-5,109,109
Tielen,2.3344484406128242,2.8253695060287826,-1,-1,123,124
Tielt,3.2472381617038875,3.6043578454091354,-9,-9,117,117
Tienen,2.4631519863969162,3.3786731923584647,-5,-5,158,158
Tilff,3.0087275283719996,3.7961980105481007,-6,0,68,69
Tilleur,2.7532610904165256,2.7543119990969635,-7,-7,150,150
Tilly,1.1235654693669596,2.4772267303102625,-6,-2,52,53
Tilly-Garage,1.0305823850052596,1.0180599394229236,-1,-6,51,51
Tollembeek,2.242990225265456,3.2174002325638932,-1,0,90,90
Tongeren,2.4370044358192404,1.634140446876425,-1,0,76,57
Torhout,2.1987187527999283,2.6370781929660476,-4,-4,116,116
Trooz,2.2967648870303738,2.6913272513560437,-3,-3,119,132
Tubeke,2.3611081196501847,2.696949973767861,-4,-4,142,142
Turnhout,3.95577966873271,1.1757607230057214,-2,0,125,99
Ukkel-Kalevoet,2.434593154983285,2.6518221617970226,-3,-3,74,74
Ukkel-Stalle,2.6248295916185589,2.8835686525731369,-3,-3,74,74
Veltem,2.7410217407658166,2.8077623119899447,-9,-9,164,164
Vertrijk,3.1740244225077302,3.6974517974666799,-5,-5,157,157
Verviers-Centraal,2.9718658026191441,3.1421547724407971,-2,-1,132,119
Verviers-Paleis,3.2359767622859684,3.2380772366763027,-3,-3,119,119
Veurne,2.2404850746268657,2.4855131738834059,0,0,75,74
Viane-Moerbeke,1.6334004424228867,2.638846144269316,-2,-1,88,89
Vichte,1.9668706674589028,2.3689895837448478,-2,-2,141,141
Ville-Pommeroeul,1.9612747134794502,1.9643918146878571,-6,-6,90,90
Villers-la-Ville,2.4149679609186651,2.4748169281978126,-1,-1,53,53
Vilvoorde,2.2508449099196874,2.4087445142817991,-27,-8,170,169
Virton,1.2260583554376658,1.445315649867374,-3,-4,187,77
Viville,0.86046210928715988333,1.6334614099565653,-2,-1,56,57
Voroux,1.8500268135725429,2.5022340788383765,-3,-2,170,170
Vorst-Oost,2.3045875086496322,2.7090552589224127,-4,-5,74,74
Vorst-Zuid,2.3741054887992645,2.6370100618480569,-18,-18,156,156
Waarschoot,1.3230960943908133,3.0774096105586021,0,0,119,119
Walcourt,1.5176872407904367,1.9796902564102564,-4,-1,77,77
Waregem,2.4237134846113719,2.9995309201782503,-57,-57,89,90
Waterloo,2.9434243910174309,2.9765642765450211,-8,-5,88,88
Watermaal,2.8382862488637066,2.8764930904855191,-7,-7,110,113
Waver,1.6426269278633052,1.5947436328957702,-10,-10,134,134
Weerde,1.7580566630495304,2.1889742051099926,-3,-4,173,173
Welkenraedt,3.3914806164273774,2.973709785911442,-8,-189,119,86
Welle,2.2969657846634368,2.4532654002376772,-4,-4,138,138
Wervik,2.8185022026431718,3.3508774943456727,-1,-1,81,81
Wespelaar-Tildonk,1.525161610343062,2.4908873703827591,-7,-7,153,153
Wetteren,2.4666155441950063,2.7600565866571488,-58,-58,288,287
Wevelgem,2.9207393375810803,3.6405929158110883,0,0,88,103
Wezemaal,2.1326329735096406,2.4627329212116629,-24,-24,153,153
Wezet,3.6101289134438306,1.3522099447513812,-3,-3,39,39
Wichelen,2.2586010739965414,2.7450883002207506,-32,-32,280,280
Wijgmaal,1.8835979854361146,2.3725382879638965,-6,-6,154,154
Wildert,2.5436335291131898,2.6203164075241927,-1,-1,95,95
Willebroek,1.9626661586656507,2.5172452438990222,-12,-12,274,274
Wolfstee,2.8797495557481376,2.9691339864989099,-6,-6,120,120
Wondelgem,1.4771675044994725,1.6605100608329434,-1,0,119,119
Yves-Gomezée,1.048719545096086,2.0017864493290524,-2,0,72,73
Yvoir,0.75883463606081593667,1.6976969517511392,-2,-2,89,90
Zandbergen,3.9749270669233911,4.0500656512605042,-1,0,87,87
Zaventem,2.6588718350951625,2.8075777791614409,-8,-8,163,163
Zedelgem,2.2509082225107837,2.6743842693626687,-4,-4,115,115
Zeebrugge-Dorp,2.2291651927838698,1.182260900140647,0,0,42,36
Zeebrugge-Strand,0.85507209499575911833,0.77760101010101010167,-1,0,23,24
Zeebrugge-Vorming,1.3479479166666667,1.3479479166666667,-1,-1,42,42
Zele,2.7079362887262349,3.5272859732452215,-7,-3,70,70
Zellik,2.5135835021490509,2.9694100825755872,-5,-5,151,151
Zichem,2.4242135638660791,2.6033175639978867,-30,-30,123,123
Zingem,1.9294834964239758,2.2350213599145603,0,0,118,118
Zinnik,2.5474292464318769,2.8114896653483787,-4,-4,134,134
Zolder,2.4287508293052791,3.3389373323112304,-4,-4,64,64
Zolder-Kruissporen,2.724546636231057,2.7220721577579101,-3,-3,64,64
Zonhoven,2.8743783219438117,3.1739660876757651,-4,-4,64,63
Zottegem,2.8433259151603234,2.2340309438169641,-3,-1,133,135
Zwijndrecht,2.1185458803050398,2.4477774098754191,-4,-4,95,95
